task_num,repetition,P_A,P_B,P_C,choice,raw_truncated
1,9,0.25,0.5,0.25,B,"Choice: B
P(A): 0.25
P(B): 0.5
P(C): 0.25

This response balances the factors of vaccine effectiveness, waiting time, [K
side effects risk, and cash incentives, with a slight preference for Altern[6"
1,10,0.25,0.5,0.25,B,"Choice: B
P(A): 0.25
P(B): 0.5
P(C): 0.25

This response balances the higher effectiveness of Alternative B with a rea[3D[K
reasonable waiting time and lower cash incentive compared to A, while also"
2,1,0.3,0.5,0.2,B,"Choice: B
P(A): 0.3
P(B): 0.5
P(C): 0.2

Note: These probabilities are assigned based on a subjective assessment of [K
the factors provided, and they do not represent an official recommendation [K
o"
2,2,0.25,0.5,0.25,B,"Choice: B
P(A): 0.25
P(B): 0.5
P(C): 0.25

This distribution considers a balanced approach where Alternative B is chos[4D[K
chosen with the highest probability due to its higher vaccine effectivenes"
2,3,0.25,0.5,0.25,B,"Choice: B
P(A): 0.25
P(B): 0.5
P(C): 0.25

This response balances considering the effectiveness, side effects, waiting[7D[K
waiting time, and incentives while acknowledging the subjective nature of "
2,4,0.25,0.5,0.25,B,"Choice: B
P(A): 0.25
P(B): 0.5
P(C): 0.25

This response is based on a subjective evaluation of the given alternatives[12D[K
alternatives, considering factors such as waiting time, vaccine effective"
2,5,0.3,0.5,0.2,B,"Choice: B
P(A): 0.3
P(B): 0.5
P(C): 0.2

This response is based on a subjective evaluation of the given alternatives[12D[K
alternatives, considering factors such as waiting time, vaccine effectivene"
2,6,0.25,0.5,0.25,B,"Choice: B
P(A): 0.25
P(B): 0.5
P(C): 0.25

This distribution assumes an equal likelihood of choosing each alternative,[12D[K
alternative, given the trade-offs in waiting time, vaccine effectiveness,"
2,7,0.25,0.5,0.25,B,"Choice: B
P(A): 0.25
P(B): 0.5
P(C): 0.25

This response is based on a balanced consideration of the factors provided,[9D[K
provided, where Alternative B offers a moderate balance between vaccine ef"
2,8,0.25,0.5,0.25,B,"Choice: B
P(A): 0.25
P(B): 0.5
P(C): 0.25

This choice reflects a balanced approach considering the effectiveness, ris[3D[K
risk, and incentive while factoring in the waiting time. The probability d"
2,9,0.3,0.5,0.2,B,"Choice: B
P(A): 0.3
P(B): 0.5
P(C): 0.2

This response balances considering the vaccine's effectiveness, side effect[6D[K
effects, and incentives while also factoring in the waiting time and origin"
2,10,0.25,0.5,0.25,B,"Choice: B
P(A): 0.25
P(B): 0.5
P(C): 0.25

This response balances the trade-offs between waiting time, vaccine effecti[7D[K
effectiveness, side effects, cash incentive, and vaccine origin. Alternati"
3,1,0.3,0.6,0.1,B,"Choice: B
P(A): 0.3
P(B): 0.6
P(C): 0.1

This response is based on a subjective evaluation considering the factors o[1D[K
of waiting time, vaccine effectiveness, risk of side effects, cash incentiv"
3,2,0.25,0.5,0.25,B,"Choice: B
P(A): 0.25
P(B): 0.5
P(C): 0.25

This response is based on a balanced consideration of the factors provided,[9D[K
provided, such as vaccine effectiveness and side effect risk, along with t"
3,3,0.35,0.55,0.1,B,"Choice: B
P(A): 0.35
P(B): 0.55
P(C): 0.10

This response is based on a subjective evaluation considering the factors s[1D[K
such as vaccine effectiveness, risk of side effects, and cash incentive. "
3,4,0.25,0.5,0.25,B,"Choice: B
P(A): 0.25
P(B): 0.5
P(C): 0.25

This response is based on a balanced consideration of the waiting time, vac[3D[K
vaccine effectiveness, risk of side effects, cash incentive, and vaccine o"
3,5,0.35,0.55,0.1,B,"Choice: B
P(A): 0.35
P(B): 0.55
P(C): 0.10

This response considers the trade-offs between waiting time, vaccine effect[6D[K
effectiveness, side effects risk, cash incentive, and vaccine origin. Alt"
3,6,0.25,0.5,0.25,B,"Choice: B
P(A): 0.25
P(B): 0.5
P(C): 0.25

This distribution is based on a balanced consideration of the factors provi[5D[K
provided, with Alternative B offering a good balance of vaccine effectiven"
3,7,0.25,0.5,0.25,B,"Choice: B
P(A): 0.25
P(B): 0.5
P(C): 0.25

This response balances the factors of vaccine effectiveness, side effects r[1D[K
risk, and cash incentive, while also considering the immediate availabilit"
3,8,0.3,0.6,0.1,B,"Choice: B
P(A): 0.3
P(B): 0.6
P(C): 0.1

This response is based on a subjective evaluation of the alternatives, cons[4D[K
considering factors like vaccine effectiveness, side effects risk, and cash"
3,9,0.3,0.6,0.1,B,"Choice: B
P(A): 0.3
P(B): 0.6
P(C): 0.1

This response is based on a subjective evaluation considering factors such [K
as vaccine effectiveness, risk of side effects, and the cash incentive. Alt[3D"
3,10,0.4,0.5,0.1,B,"Choice: B
P(A): 0.4
P(B): 0.5
P(C): 0.1

This response balances the factors such as vaccine effectiveness, risk of s[1D[K
side effects, cash incentive, and vaccine origin. Alternative B offers a sh"
4,1,0.25,0.5,0.25,B,"Choice: B
P(A): 0.25
P(B): 0.5
P(C): 0.25

This response balances the considerations of vaccine effectiveness, side ef[2D[K
effects risk, waiting time, and cash incentives while accounting for the o"
4,2,0.25,0.5,0.25,B,"Choice: B
P(A): 0.25
P(B): 0.5
P(C): 0.25

This response reflects a balanced choice, considering the factors such as e[1D[K
effectiveness, side effects risk, and incentives. The probabilities are ev"
4,3,0.25,0.5,0.25,B,"Choice: B
P(A): 0.25
P(B): 0.5
P(C): 0.25

This distribution reflects a balanced consideration of effectiveness, side [K
effects, and incentives while acknowledging the domestic origin preference."
4,4,0.25,0.5,0.25,B,"Choice: B
P(A): 0.25
P(B): 0.5
P(C): 0.25

This response balances the factors of vaccine effectiveness, side effects r[1D[K
risk, waiting time, and cash incentives. Given the higher risk of not rece"
4,5,0.25,0.5,0.25,B,"Choice: B
P(A): 0.25
P(B): 0.5
P(C): 0.25

This response balances the considerations of vaccine effectiveness, risk, w[1D[K
waiting time, and incentive, while also factoring in the origin as a secon"
4,6,0.25,0.5,0.25,B,"Choice: B
P(A): 0.25
P(B): 0.5
P(C): 0.25

This distribution is based on a balanced consideration of vaccine effective[9D[K
effectiveness, side effect risk, and cash incentives, with an equal chance"
4,7,0.3,0.5,0.2,B,"Choice: B
P(A): 0.3
P(B): 0.5
P(C): 0.2

This response is based on a subjective evaluation considering factors such [K
as vaccine effectiveness, risk of side effects, and cash incentives. The pr[2D"
4,8,0.25,0.5,0.25,B,"Choice: B
P(A): 0.25
P(B): 0.5
P(C): 0.25

This distribution is based on a balanced consideration of the waiting time,[5D[K
time, vaccine effectiveness, side effects risk, and cash incentive, with a"
4,9,0.25,0.5,0.25,B,"Choice: B
P(A): 0.25
P(B): 0.5
P(C): 0.25

This response balances the factors of vaccine effectiveness, side effects r[1D[K
risk, and cash incentive while considering the waiting time and vaccine or"
4,10,0.25,0.5,0.25,B,"Choice: B
P(A): 0.25
P(B): 0.5
P(C): 0.25

This response is based on a subjective evaluation considering factors such [K
as vaccine effectiveness, risk of side effects, and cash incentive, with an[2"
5,1,0.3,0.45,0.25,B,"Choice: B
P(A): 0.3
P(B): 0.45
P(C): 0.25

Explanation: Alternative B offers a quicker waiting time compared to A, eve[3D[K
even though the vaccine effectiveness is lower (50% vs. 95%). The risk of "
5,2,0.3,0.5,0.2,B,"Choice: B
P(A): 0.3
P(B): 0.5
P(C): 0.2

Note that these probabilities are based on a subjective evaluation and may [K
vary depending on individual preferences and risk tolerances."
5,3,0.25,0.5,0.25,B,"Choice: B
P(A): 0.25
P(B): 0.5
P(C): 0.25

This response considers the trade-offs between waiting time, vaccine effect[6D[K
effectiveness, side effects risk, and cash incentives, while also factorin"
5,4,0.25,0.5,0.25,B,"Choice: B
P(A): 0.25
P(B): 0.5
P(C): 0.25

This response balances the factors such as vaccine effectiveness, waiting t[1D[K
time, and incentives while recognizing that the choice between receiving a"
5,5,0.25,0.5,0.25,B,"Choice: B
P(A): 0.25
P(B): 0.5
P(C): 0.25

This distribution assumes an equal likelihood of choosing alternatives A an[2D[K
and C, with a slightly higher preference for B due to the shorter waiting "
5,6,0.3,0.5,0.2,B,"Choice: B
P(A): 0.3
P(B): 0.5
P(C): 0.2

This response is based on a weighted consideration of the factors provided,[9D[K
provided, with a preference for a shorter waiting time and higher vaccine e"
5,7,0.2,0.6,0.2,B,"Choice: B
P(A): 0.2
P(B): 0.6
P(C): 0.2

Explanation: Alternative B provides a shorter waiting time, which could be [K
critical during a pandemic when the risk of infection is high. Although the[3D"
5,8,0.35,0.55,0.1,B,"Choice: B
P(A): 0.35
P(B): 0.55
P(C): 0.10

This response is based on a subjective evaluation of the alternatives, cons[4D[K
considering factors such as vaccine effectiveness and waiting time. Alter"
5,9,0.2,0.6,0.2,B,"Choice: B
P(A): 0.2
P(B): 0.6
P(C): 0.2

This response is based on a subjective evaluation of the given alternatives[12D[K
alternatives, considering factors such as vaccine effectiveness, waiting ti"
5,10,0.25,0.5,0.25,B,"Choice: B
P(A): 0.25
P(B): 0.5
P(C): 0.25

This distribution is based on a preference for the balance of effectiveness[13D[K
effectiveness and waiting time, with a moderate cash incentive, while als"
6,1,0.35,0.55,0.1,B,"Choice: B
P(A): 0.35
P(B): 0.55
P(C): 0.10

This response is based on a subjective evaluation of the alternatives, cons[4D[K
considering factors such as vaccine effectiveness and risk of side effect"
6,2,0.55,0.3,0.15,A,"Choice: A
P(A): 0.55
P(B): 0.3
P(C): 0.15

This distribution reflects that Alternative A offers the highest vaccine ef[2D[K
effectiveness despite a slightly higher risk of side effects, making it th"
6,3,0.45,0.3,0.25,A,"Choice: A
P(A): 0.45
P(B): 0.3
P(C): 0.25

This distribution reflects a preference for Alternative A due to its high e[1D[K
effectiveness, even though the side effects are higher than B. The probabi"
6,4,0.55,0.35,0.1,A,"Choice: A
P(A): 0.55
P(B): 0.35
P(C): 0.10

This response is based on a subjective evaluation considering the vaccine's[9D[K
vaccine's effectiveness and risk of side effects, with an equal weight gi"
6,5,0.55,0.35,0.1,A,"Choice: A
P(A): 0.55
P(B): 0.35
P(C): 0.10

This response is based on a subjective evaluation considering factors such [K
as vaccine effectiveness, risk of side effects, and the cash incentive. The["
6,6,0.45,0.3,0.25,A,"Choice: A
P(A): 0.45
P(B): 0.3
P(C): 0.25

This response is based on a subjective evaluation considering the factors p[1D[K
provided, where Alternative A has higher vaccine effectiveness despite hav"
6,7,0.45,0.05,0.5,A,"Choice: A
P(A): 0.45
P(B): 0.05
P(C): 0.5

Note that these probabilities are based on a subjective assessment and may [K
vary for different individuals depending on their personal preferences, ris[3"
6,8,0.5,0.3,0.2,A,"Choice: A
P(A): 0.5
P(B): 0.3
P(C): 0.2

This response assumes a preference for the higher effectiveness of the vacc[4D[K
vaccine, despite the higher risk of side effects compared to Alternative B."
6,9,0.45,0.05,0.5,A,"Choice: A
P(A): 0.45
P(B): 0.05
P(C): 0.50

Note: These probabilities are assigned based on a subjective evaluation con[3D[K
considering the higher effectiveness of the vaccine in Alternative A, des"
6,10,0.45,0.1,0.45,A,"Choice: A
P(A): 0.45
P(B): 0.1
P(C): 0.45

Note that the probabilities are assigned based on a subjective evaluation o[1D[K
of the options, considering factors such as vaccine effectiveness and risk"
7,1,0.0,1.0,0.0,B,"Choice: B
P(A): 0
P(B): 1
P(C): 0

Given the high effectiveness and the relatively low risk of side effects, A[1D[K
Alternative B appears to be the most beneficial. The higher cash incentive [K
fur"
7,2,0.25,0.5,0.25,B,"Choice: B
P(A): 0.25
P(B): 0.5
P(C): 0.25

This response assumes an equal likelihood of choosing alternatives A or B, [K
as both have a similar waiting time and risk of side effects, but alternati[9"
7,3,0.25,0.5,0.25,B,"Choice: B
P(A): 0.25
P(B): 0.5
P(C): 0.25

This distribution assumes an equal likelihood of choosing between the two p[1D[K
preferred options (B and A) and a lower but still considered probability f"
7,4,0.25,0.5,0.25,B,"Choice: B
P(A): 0.25
P(B): 0.5
P(C): 0.25

This response is based on a balanced consideration of vaccine effectiveness[13D[K
effectiveness and the cash incentive, with an equal probability assigned "
7,5,0.25,0.5,0.25,B,"Choice: B
P(A): 0.25
P(B): 0.5
P(C): 0.25

This response assumes an equal likelihood of choosing between the three opt[3D[K
options, as Alternative B offers significantly higher vaccine effectivenes"
7,6,0.25,0.5,0.25,B,"Choice: B
P(A): 0.25
P(B): 0.5
P(C): 0.25

This response assumes an equal likelihood of choosing between the two prefe[5D[K
preferred options, B and C, while considering the significant increase in "
7,7,0.25,0.5,0.25,B,"Choice: B
P(A): 0.25
P(B): 0.5
P(C): 0.25

This response assumes an equal likelihood of choosing alternatives A or B, [K
as both have the same waiting time and side effects risk but differ signifi[7"
7,8,0.25,0.5,0.25,B,"Choice: B
P(A): 0.25
P(B): 0.5
P(C): 0.25

This response balances the higher effectiveness of Alternative B with the f[1D[K
financial incentive and personal choice to opt out, distributing probabili"
7,9,0.25,0.5,0.25,B,"Choice: B
P(A): 0.25
P(B): 0.5
P(C): 0.25

This response assumes an equal likelihood of choosing between the two vacci[5D[K
vaccine options (A and B) due to their similar waiting times, side effect "
7,10,0.25,0.5,0.25,B,"Choice: B
P(A): 0.25
P(B): 0.5
P(C): 0.25

This response assumes an equal likelihood of choosing alternatives A and C,[2D[K
C, with a higher probability of choosing B due to its significantly higher"
8,1,0.4,0.5,0.1,B,"Choice: B
P(A): 0.4
P(B): 0.5
P(C): 0.1

This distribution is based on a subjective evaluation of the alternatives, [K
considering factors such as vaccine effectiveness, side effect risk, and ca[2D"
8,2,0.3,0.5,0.2,B,"Choice: B
P(A): 0.3
P(B): 0.5
P(C): 0.2

This distribution reflects a preference for the walk-in availability and hi[2D[K
higher effectiveness of Alternative B, while considering the lower risk and"
8,3,0.35,0.55,0.1,B,"Choice: B
P(A): 0.35
P(B): 0.55
P(C): 0.10

This response is based on a subjective evaluation of the alternatives, cons[4D[K
considering factors like vaccine effectiveness, side effects risk, cash i"
8,4,0.3,0.5,0.2,B,"Choice: B
P(A): 0.3
P(B): 0.5
P(C): 0.2

This distribution considers the immediate availability (B) to be the most a[1D[K
attractive, with a higher probability of selection due to its walk-in natur"
8,5,0.4,0.5,0.1,B,"Choice: B
P(A): 0.4
P(B): 0.5
P(C): 0.1

This response is based on a weighted consideration of the waiting time, vac[3D[K
vaccine effectiveness, risk of side effects, cash incentive, and vaccine or"
8,6,0.25,0.5,0.25,B,"Choice: B
P(A): 0.25
P(B): 0.5
P(C): 0.25

This response is based on a subjective evaluation considering the factors p[1D[K
provided, including waiting time, vaccine effectiveness, risk of side effe"
8,7,0.45,0.5,0.05,B,"Choice: B
P(A): 0.45
P(B): 0.5
P(C): 0.05

This response is based on a subjective evaluation of the alternatives, cons[4D[K
considering factors such as vaccine effectiveness, risk of side effects, a"
8,8,0.4,0.5,0.1,B,"Choice: B
P(A): 0.4
P(B): 0.5
P(C): 0.1

This distribution assumes a slightly higher preference for the walk-in avai[4D[K
availability and domestic origin, while accounting for the lower effectiven"
8,9,0.25,0.5,0.25,B,"Choice: B
P(A): 0.25
P(B): 0.5
P(C): 0.25

This response balances the considerations of waiting time, vaccine effectiv[8D[K
effectiveness, side effects risk, cash incentive, and vaccine origin. Alte"
8,10,0.35,0.55,0.1,B,"Choice: B
P(A): 0.35
P(B): 0.55
P(C): 0.10

This response is based on a subjective evaluation considering the factors p[1D[K
provided, where Alternative B offers immediate access and a higher risk t"
9,1,0.25,0.5,0.25,B,"Choice: B
P(A): 0.25
P(B): 0.5
P(C): 0.25

This distribution assumes an equal probability of choosing each alternative[11D[K
alternative, considering the trade-offs in waiting time, effectiveness, s"
9,2,0.2,0.5,0.3,B,"Choice: B
P(A): 0.2
P(B): 0.5
P(C): 0.3

This response is based on a subjective evaluation considering factors like [K
effectiveness, side effects risk, and incentives. The probabilities reflect[7D"
9,3,0.25,0.5,0.25,B,"Choice: B
P(A): 0.25
P(B): 0.5
P(C): 0.25

This distribution reflects a balanced consideration of the alternatives, wh[2D[K
where Alternative B is chosen with the highest probability due to its lowe"
9,4,0.25,0.5,0.25,B,"Choice: B
P(A): 0.25
P(B): 0.5
P(C): 0.25

This response is based on a weighted consideration of the factors provided,[9D[K
provided, where Alternative B offers a balance between risk, effectiveness"
9,5,0.25,0.5,0.25,B,"Choice: B
P(A): 0.25
P(B): 0.5
P(C): 0.25

This distribution reflects a balanced approach, considering the effectivene[11D[K
effectiveness and risk factors of each alternative while also factoring i"
9,6,0.25,0.5,0.25,B,"Choice: B
P(A): 0.25
P(B): 0.5
P(C): 0.25

This response reflects a balanced choice considering various factors, with [K
a higher probability for B due to the lower risk of side effects and high c[1"
9,7,0.25,0.5,0.25,B,"Choice: B
P(A): 0.25
P(B): 0.5
P(C): 0.25

This response reflects a balanced choice considering effectiveness, side ef[2D[K
effects, and incentives, while also accounting for the longer waiting time"
9,8,0.25,0.5,0.25,B,"Choice: B
P(A): 0.25
P(B): 0.5
P(C): 0.25

This distribution reflects a balanced consideration of the factors provided[8D[K
provided, with Alternative B being slightly preferred due to its lower ris"
9,9,0.25,0.5,0.25,B,"Choice: B
P(A): 0.25
P(B): 0.5
P(C): 0.25

This response assumes an equal probability distribution among the alternati[9D[K
alternatives, given the complexity of factors involved and without additio"
9,10,0.25,0.5,0.25,B,"Choice: B
P(A): 0.25
P(B): 0.5
P(C): 0.25

This response balances the consideration of effectiveness, side effects, wa[2D[K
waiting time, and incentives while accounting for the preferences among th"
10,1,0.25,0.5,0.25,B,"Choice: B
P(A): 0.25
P(B): 0.5
P(C): 0.25

This distribution assumes an equal likelihood of choosing each option, whic[4D[K
which might not reflect a real-world decision-making process but serves th"
10,2,0.25,0.5,0.25,B,"Choice: B
P(A): 0.25
P(B): 0.5
P(C): 0.25

This response is based on a subjective evaluation of the alternatives, cons[4D[K
considering factors such as waiting time, vaccine effectiveness, risk of s"
10,3,0.25,0.5,0.25,B,"Choice: B
P(A): 0.25
P(B): 0.5
P(C): 0.25

This distribution assumes an equal likelihood of choosing alternatives A an[2D[K
and C, with a higher probability of selecting B due to its better overall "
10,4,0.25,0.5,0.25,B,"Choice: B
P(A): 0.25
P(B): 0.5
P(C): 0.25

This response is based on a subjective evaluation of the alternatives, cons[4D[K
considering factors such as vaccine effectiveness, side effects risk, cash"
10,5,0.2,0.6,0.2,B,"Choice: B
P(A): 0.2
P(B): 0.6
P(C): 0.2

This distribution reflects a preference for Alternative B due to its higher[6D[K
higher vaccine effectiveness and lower risk of side effects, with a moderat"
10,6,0.25,0.5,0.25,B,"Choice: B
P(A): 0.25
P(B): 0.5
P(C): 0.25

Note that the probabilities assigned to each alternative are based on a sub[3D[K
subjective evaluation of the given criteria, and they do not necessarily r"
10,7,0.2,0.6,0.2,B,"Choice: B
P(A): 0.2
P(B): 0.6
P(C): 0.2

This response balances the factors such as waiting time, vaccine effectiven[10D[K
effectiveness, side effects risk, cash incentive, and vaccine origin. Alter"
10,8,0.3,0.5,0.2,B,"Choice: B
P(A): 0.3
P(B): 0.5
P(C): 0.2

This response balances the considerations of vaccine effectiveness, side ef[2D[K
effects risk, waiting time, and cash incentive while accounting for the ori"
10,9,0.25,0.5,0.25,B,"Choice: B
P(A): 0.25
P(B): 0.5
P(C): 0.25

This response reflects a balanced choice considering the effectiveness, ris[3D[K
risk, and incentive of each alternative, with equal probability assigned t"
10,10,0.3,0.5,0.2,B,"Choice: B
P(A): 0.3
P(B): 0.5
P(C): 0.2

This distribution reflects a balanced consideration of vaccine effectivenes[12D[K
effectiveness, side effects risk, and incentives. While Alternative A offer"
11,1,0.25,0.5,0.25,B,"Choice: B
P(A): 0.25
P(B): 0.5
P(C): 0.25

This response assumes an equal probability of choosing each alternative, gi[2D[K
given the limited information and subjective nature of personal preference"
11,2,0.3,0.5,0.2,B,"Choice: B
P(A): 0.3
P(B): 0.5
P(C): 0.2

Note: These probabilities are based on a subjective evaluation and may vary[4D[K
vary for different individuals depending on personal preferences, risk tole"
11,3,0.3,0.5,0.2,B,"Choice: B
P(A): 0.3
P(B): 0.5
P(C): 0.2

This response is based on a subjective evaluation of the alternatives, cons[4D[K
considering factors such as vaccine effectiveness and waiting time. The pro"
11,4,0.3,0.5,0.2,B,"Choice: B
P(A): 0.3
P(B): 0.5
P(C): 0.2

This distribution is based on the consideration of waiting time, vaccine ef[2D[K
effectiveness, side effects risk, cash incentive, and vaccine origin. Alter"
11,5,0.3,0.45,0.25,B,"Choice: B
P(A): 0.3
P(B): 0.45
P(C): 0.25

Explanation:
- Alternative A has a moderate waiting time and cash incentive, but its vac[3D[K
vaccine effectiveness is relatively low at 70%, which might b"
11,6,0.4,0.3,0.3,A,"Choice: A
P(A): 0.4
P(B): 0.3
P(C): 0.3

This response is based on a subjective evaluation of the alternatives, cons[4D[K
considering factors such as vaccine effectiveness, waiting time, and cash i"
11,7,0.3,0.5,0.2,B,"Choice: B
P(A): 0.3
P(B): 0.5
P(C): 0.2

Note: These probabilities are based on a subjective evaluation of the given[5D[K
given alternatives and may vary from person to person. Alternative B was ch"
11,8,0.25,0.5,0.25,B,"Choice: B
P(A): 0.25
P(B): 0.5
P(C): 0.25

This response balances the factors of immediacy, effectiveness, side effect[6D[K
effects, and cash incentives while considering the origin of the vaccine a"
11,9,0.2,0.6,0.2,B,"Choice: B
P(A): 0.2
P(B): 0.6
P(C): 0.2

This response balances the considerations of vaccine effectiveness, waiting[7D[K
waiting time, side effects risk, and cash incentives while also factoring i"
11,10,0.4,0.3,0.3,A,"Choice: A
P(A): 0.4
P(B): 0.3
P(C): 0.3

This response is based on a balanced consideration of the waiting time, vac[3D[K
vaccine effectiveness, risk of side effects, cash incentive, and vaccine or"
12,1,0.35,0.6,0.05,B,"Choice: B
P(A): 0.35
P(B): 0.60
P(C): 0.05

This distribution is based on the prioritization of vaccine effectiveness a[1D[K
and safety, with a slight preference for walk-in availability and domesti"
12,2,0.35,0.6,0.05,B,"Choice: B
P(A): 0.35
P(B): 0.6
P(C): 0.05

This response is based on a subjective evaluation considering the effective[9D[K
effectiveness, side effects risk, and wait time. The probabilities are app"
12,3,0.25,0.5,0.25,B,"Choice: B
P(A): 0.25
P(B): 0.5
P(C): 0.25

This response balances the higher effectiveness and higher side effect risk[4D[K
risk, while also considering the walk-in availability as a positive factor"
12,4,0.25,0.5,0.25,B,"Choice: B
P(A): 0.25
P(B): 0.5
P(C): 0.25

This response balances the considerations of vaccine effectiveness, risk of[2D[K
of side effects, and availability without favoring a single aspect overly."
12,5,0.35,0.6,0.05,B,"Choice: B
P(A): 0.35
P(B): 0.6
P(C): 0.05

This response is based on a subjective evaluation considering the factors p[1D[K
provided, with a higher weight given to vaccine effectiveness and lower ri"
12,6,0.3,0.5,0.2,B,"Choice: B
P(A): 0.3
P(B): 0.5
P(C): 0.2

This response reflects a balanced approach considering effectiveness and si[2D[K
side effects, with some preference for immediate availability. The probabil"
12,7,0.25,0.5,0.25,B,"Choice: B
P(A): 0.25
P(B): 0.5
P(C): 0.25

This response is based on a balanced consideration of the factors provided,[9D[K
provided, with an emphasis on vaccine effectiveness and side effects while"
12,8,0.25,0.5,0.25,B,"Choice: B
P(A): 0.25
P(B): 0.5
P(C): 0.25

This distribution reflects a balanced approach, giving more weight to the h[1D[K
highest effectiveness of Alternative B while acknowledging the other alter"
12,9,0.25,0.5,0.25,B,"Choice: B
P(A): 0.25
P(B): 0.5
P(C): 0.25

This response balances the high effectiveness of Alternative B with its man[3D[K
manageable side effects, making it the most attractive option. The probabi"
12,10,0.25,0.5,0.25,B,"Choice: B
P(A): 0.25
P(B): 0.5
P(C): 0.25

This response balances the higher effectiveness and relatively lower risk o[1D[K
of side effects in Alternative B while acknowledging that Alternatives A a"
13,1,0.25,0.5,0.25,B,"Choice: B
P(A): 0.25
P(B): 0.5
P(C): 0.25

This response is based on a balanced consideration of the factors such as v[1D[K
vaccine effectiveness, side effects risk, and waiting time. Given that Alt"
13,2,0.25,0.5,0.25,B,"Choice: B
P(A): 0.25
P(B): 0.5
P(C): 0.25

This response reflects a balanced choice considering the effectiveness, sid[3D[K
side effects, and cash incentive. While Alternative A offers immediate pro"
13,3,0.25,0.5,0.25,B,"Choice: B
P(A): 0.25
P(B): 0.5
P(C): 0.25

This distribution assumes an equal likelihood of choosing alternatives A, B[1D[K
B, and C, given the provided information and without additional preference"
13,4,0.25,0.5,0.25,B,"Choice: B
P(A): 0.25
P(B): 0.5
P(C): 0.25

This response balances the factors of vaccine effectiveness, side effects r[1D[K
risk, waiting time, and cash incentive. Alternative B offers a reasonable "
13,5,0.25,0.5,0.25,B,"Choice: B
P(A): 0.25
P(B): 0.5
P(C): 0.25

This distribution assumes an equal likelihood of choosing between the three[5D[K
three options, given the information provided and without any additional p"
13,6,0.25,0.5,0.25,B,"Choice: B
P(A): 0.25
P(B): 0.5
P(C): 0.25

This response reflects a balanced consideration of all factors, including v[1D[K
vaccine effectiveness, side effects risk, and the cash incentive, while al"
13,7,0.25,0.5,0.25,B,"Choice: B
P(A): 0.25
P(B): 0.5
P(C): 0.25

This distribution reflects a balanced consideration of the factors, giving [K
more weight to higher effectiveness and lower risk of side effects while al[2"
13,8,0.25,0.5,0.25,B,"Choice: B
P(A): 0.25
P(B): 0.5
P(C): 0.25

This response balances the effectiveness, side effects risk, and incentives[10D[K
incentives of each alternative while considering the waiting time and vac"
13,9,0.25,0.5,0.25,B,"Choice: B
P(A): 0.25
P(B): 0.5
P(C): 0.25

This response balances the trade-offs between waiting time, vaccine effecti[7D[K
effectiveness, side effects risk, and cash incentive, with a slight prefer"
13,10,0.25,0.5,0.25,B,"Choice: B
P(A): 0.25
P(B): 0.5
P(C): 0.25

This response reflects a balanced approach, considering the effectiveness, [K
risk, and incentives of each alternative while recognizing that preferences[1"
14,1,0.45,0.3,0.25,A,"Choice: A
P(A): 0.45
P(B): 0.3
P(C): 0.25

This distribution is based on a preference for immediate access to the vacc[4D[K
vaccine, balanced with considerations of effectiveness and side effects, w"
14,2,0.45,0.35,0.2,A,"Choice: A
P(A): 0.45
P(B): 0.35
P(C): 0.20

This response reflects a preference for Alternative A, considering the imme[4D[K
immediate access and domestic origin of the vaccine. However, the probabi"
14,3,0.45,0.3,0.25,A,"Choice: A
P(A): 0.45
P(B): 0.3
P(C): 0.25

This distribution assumes a slightly higher preference for immediate access[6D[K
access (Alternative A) over the others, while also considering the lower w"
14,4,0.45,0.3,0.25,A,"Choice: A
P(A): 0.45
P(B): 0.3
P(C): 0.25

This distribution is based on the following considerations:
- Alternative A offers immediate access, which might be highly valuable in [K
a situation where "
14,5,0.45,0.3,0.25,A,"Choice: A
P(A): 0.45
P(B): 0.3
P(C): 0.25

This distribution is based on the assumption that the lower waiting time an[2D[K
and domestic origin of Alternative A make it more appealing, while Alterna"
14,6,0.45,0.35,0.2,A,"Choice: A
P(A): 0.45
P(B): 0.35
P(C): 0.20

This response is based on the assumption that a shorter waiting time and do[2D[K
domestic origin are preferred over longer waiting times and imported orig"
14,7,0.45,0.3,0.25,A,"Choice: A
P(A): 0.45
P(B): 0.3
P(C): 0.25

This response is based on a prioritization of immediate access to the vacci[5D[K
vaccine, as well as considering factors such as vaccine origin and financi"
14,8,0.45,0.35,0.2,A,"Choice: A
P(A): 0.45
P(B): 0.35
P(C): 0.20

This distribution reflects a preference for the walk-in convenience and dom[3D[K
domestic origin, while considering the high effectiveness, low side effec"
14,9,0.45,0.3,0.25,A,"Choice: A
P(A): 0.45
P(B): 0.3
P(C): 0.25

This response is based on a subjective evaluation considering factors like [K
immediate accessibility, effectiveness, side effects risk, and the absence [K"
14,10,0.45,0.35,0.2,A,"Choice: A
P(A): 0.45
P(B): 0.35
P(C): 0.20

This response reflects a slightly higher preference for Alternative A due t[1D[K
to the immediate availability, while also considering alternatives B and "
15,1,0.25,0.5,0.25,B,"Choice: B
P(A): 0.25
P(B): 0.5
P(C): 0.25

This distribution assumes an equal likelihood of choosing alternatives A, B[1D[K
B, or C based on the given information and personal preference considerati"
15,2,0.25,0.5,0.25,B,"Choice: B
P(A): 0.25
P(B): 0.5
P(C): 0.25

This response assumes an equal likelihood of choosing between the three alt[3D[K
alternatives, given the considerations of waiting time, vaccine effectiven"
15,3,0.25,0.5,0.25,B,"Choice: B
P(A): 0.25
P(B): 0.5
P(C): 0.25

This response reflects a balanced consideration of the options, with a slig[4D[K
slight preference for the option that offers the highest vaccine effective"
15,4,0.25,0.5,0.25,B,"Choice: B
P(A): 0.25
P(B): 0.5
P(C): 0.25

This distribution reflects a balanced consideration where Alternative B is [K
chosen with the highest probability due to its high effectiveness and low r[1"
15,5,0.25,0.5,0.25,B,"Choice: B
P(A): 0.25
P(B): 0.5
P(C): 0.25

This distribution reflects a balanced choice between alternatives based on [K
their respective attributes, with Alternative B being the most effective an[2"
15,6,0.25,0.5,0.25,B,"Choice: B
P(A): 0.25
P(B): 0.5
P(C): 0.25

This distribution assumes an equal probability of choosing between the thre[4D[K
three options, given that Alternative B offers a higher vaccine effectiven"
15,7,0.25,0.5,0.25,B,"Choice: B
P(A): 0.25
P(B): 0.5
P(C): 0.25

This distribution reflects a balanced consideration of the factors provided[8D[K
provided, with Alternative B offering the highest vaccine effectiveness an"
15,8,0.25,0.5,0.25,B,"Choice: B
P(A): 0.25
P(B): 0.5
P(C): 0.25

This response is based on a balanced consideration of the factors provided,[9D[K
provided, where Alternative B offers higher vaccine effectiveness and a lo"
15,9,0.25,0.5,0.25,B,"Choice: B
P(A): 0.25
P(B): 0.5
P(C): 0.25

This distribution assumes an equal likelihood of choosing alternatives A an[2D[K
and C, with a higher probability of choosing B due to its high effectivene"
15,10,0.25,0.5,0.25,B,"Choice: B
P(A): 0.25
P(B): 0.5
P(C): 0.25

This response balances considering the vaccine's effectiveness, side effect[6D[K
effects risk, and cash incentive while recognizing that the decision can v"
16,1,0.25,0.5,0.25,B,"Choice: B
P(A): 0.25
P(B): 0.5
P(C): 0.25

This distribution reflects a balanced choice where Alternative B is favored[7D[K
favored due to its high effectiveness and low side effects, while acknowle"
16,2,0.2,0.7,0.1,B,"Choice: B
P(A): 0.2
P(B): 0.7
P(C): 0.1

This response balances the high effectiveness and low risk of side effects [K
in Alternative B, while also considering the lower probabilities for A (due[4D"
16,3,0.25,0.5,0.25,B,"Choice: B
P(A): 0.25
P(B): 0.5
P(C): 0.25

This response assumes an equal probability of choosing between the two opti[4D[K
options that involve receiving a vaccine, and a lower but non-zero probabi"
16,4,0.25,0.5,0.25,B,"Choice: B
P(A): 0.25
P(B): 0.5
P(C): 0.25

This response assumes a balanced consideration of vaccine effectiveness, si[2D[K
side effects risk, and incentive value, while also factoring in the domest"
16,5,0.25,0.5,0.25,B,"Choice: B
P(A): 0.25
P(B): 0.5
P(C): 0.25

This distribution reflects a preference for the highest effectiveness and l[1D[K
lowest side effects, with a moderate cash incentive, while also acknowledg"
16,6,0.25,0.5,0.25,B,"Choice: B
P(A): 0.25
P(B): 0.5
P(C): 0.25

This response balances the higher effectiveness and lower risk of side effe[4D[K
effects in Alternative B with the domestic vaccine origin and cash incenti"
16,7,0.25,0.5,0.25,B,"Choice: B
P(A): 0.25
P(B): 0.5
P(C): 0.25

This response assumes an equal preference between alternatives A and C, wit[3D[K
with a slightly higher inclination towards B due to its significantly high"
16,8,0.25,0.5,0.25,B,"Choice: B
P(A): 0.25
P(B): 0.5
P(C): 0.25

This distribution reflects a balanced choice, considering the high effectiv[8D[K
effectiveness and low risk of side effects in Alternative B, while acknowl"
16,9,0.25,0.5,0.25,B,"Choice: B
P(A): 0.25
P(B): 0.5
P(C): 0.25

This distribution reflects a preference for the highest effectiveness and l[1D[K
lowest risk, while also considering the cash incentive as a secondary fact"
16,10,0.25,0.5,0.25,B,"Choice: B
P(A): 0.25
P(B): 0.5
P(C): 0.25

This distribution assumes an equal likelihood of choosing between the two b[1D[K
better options (B and A) due to their similar waiting times, while giving "
17,1,0.4,0.3,0.3,A,"Choice: A
P(A): 0.4
P(B): 0.3
P(C): 0.3

This response is based on a subjective evaluation considering effectiveness[13D[K
effectiveness, side effects risk, and cash incentive. Alternative A offers "
17,2,0.45,0.3,0.25,A,"Choice: A
P(A): 0.45
P(B): 0.3
P(C): 0.25

This distribution assumes a preference for higher effectiveness and domesti[7D[K
domestic origin, with a slight consideration of the cash incentive. The pr"
17,3,0.35,0.55,0.1,B,"Choice: B
P(A): 0.35
P(B): 0.55
P(C): 0.10

This response is based on a subjective evaluation considering factors like [K
vaccine effectiveness, side effects, and cash incentives. The probabilities["
17,4,0.25,0.5,0.25,B,"Choice: B
P(A): 0.25
P(B): 0.5
P(C): 0.25

This response balances the considerations of vaccine effectiveness, risk of[2D[K
of side effects, cash incentive, and vaccine origin while acknowledging th"
17,5,0.4,0.5,0.1,B,"Choice: B
P(A): 0.4
P(B): 0.5
P(C): 0.1

This response is based on a subjective evaluation considering factors like [K
vaccine effectiveness, risk of side effects, and cash incentive. The probab[6D"
17,6,0.35,0.55,0.1,B,"Choice: B
P(A): 0.35
P(B): 0.55
P(C): 0.10

This response reflects a subjective judgment based on the provided criteria[8D[K
criteria, giving more weight to vaccine effectiveness and side effects wh"
17,7,0.45,0.35,0.2,A,"Choice: A
P(A): 0.45
P(B): 0.35
P(C): 0.20

This response is based on a subjective evaluation considering factors like [K
effectiveness, side effects, and incentives. The probabilities are assigned["
17,8,0.25,0.5,0.25,B,"Choice: B
P(A): 0.25
P(B): 0.5
P(C): 0.25

This response is based on a balanced consideration of vaccine effectiveness[13D[K
effectiveness, side effects risk, and cash incentives, while also taking "
17,9,0.35,0.55,0.1,B,"Choice: B
P(A): 0.35
P(B): 0.55
P(C): 0.10

This response is based on a subjective evaluation of the alternatives, cons[4D[K
considering factors such as vaccine effectiveness, risk of side effects, "
17,10,0.3,0.5,0.2,B,"Choice: B
P(A): 0.3
P(B): 0.5
P(C): 0.2

This response considers the effectiveness, risk of side effects, and cash i[1D[K
incentive as key factors. Alternative B offers a reasonable balance with a "
18,1,0.3,0.5,0.2,B,"Choice: B
P(A): 0.3
P(B): 0.5
P(C): 0.2

This response balances the effectiveness, risk, and incentive of each optio[5D[K
option while considering the waiting time. Alternative B offers a better ba"
18,2,0.2,0.6,0.2,B,"Choice: B
P(A): 0.2
P(B): 0.6
P(C): 0.2

Explanation:
- Alternative A has the shortest waiting time but lower vaccine effectivene[11D[K
effectiveness and higher risk of side effects.
- Alternative B"
18,3,0.25,0.5,0.25,B,"Choice: B
P(A): 0.25
P(B): 0.5
P(C): 0.25

This response reflects a balanced consideration of factors such as effectiv[8D[K
effectiveness, side effects, and incentives. Alternative B is chosen due t"
18,4,0.25,0.5,0.25,B,"Choice: B
P(A): 0.25
P(B): 0.5
P(C): 0.25

This response is based on a balanced consideration of the factors provided,[9D[K
provided, where Alternative B offers a reasonable balance between vaccine "
18,5,0.2,0.6,0.2,B,"Choice: B
P(A): 0.2
P(B): 0.6
P(C): 0.2

Explanation:
- Alternative A offers immediate access but with lower effectiveness and a [K
relatively higher risk of side effects compared to alternative B.
-"
18,6,0.25,0.5,0.25,B,"Choice: B
P(A): 0.25
P(B): 0.5
P(C): 0.25

This distribution reflects a balanced choice considering the higher effecti[7D[K
effectiveness and lower side effects of Alternative B, while acknowledging"
18,7,0.25,0.5,0.25,B,"Choice: B
P(A): 0.25
P(B): 0.5
P(C): 0.25

This distribution reflects a balanced consideration of waiting time, vaccin[6D[K
vaccine effectiveness, side effects risk, and cash incentives, while also "
18,8,0.25,0.5,0.25,B,"Choice: B
P(A): 0.25
P(B): 0.5
P(C): 0.25

This distribution assumes an equal likelihood of choosing between the three[5D[K
three options, given the considerations for each alternative. Alternative "
18,9,0.25,0.5,0.25,B,"Choice: B
P(A): 0.25
P(B): 0.5
P(C): 0.25

This response balances the consideration of vaccine effectiveness, side eff[3D[K
effects risk, waiting time, and cash incentive, while also accounting for "
18,10,0.25,0.5,0.25,B,"Choice: B
P(A): 0.25
P(B): 0.5
P(C): 0.25

This distribution reflects a balanced consideration of the factors involved[8D[K
involved, where Alternative B offers a reasonable balance between effectiv"
19,1,0.25,0.5,0.25,B,"Choice: B
P(A): 0.25
P(B): 0.5
P(C): 0.25

This response balances the considerations of waiting time, effectiveness, s[1D[K
side effects, incentives, and origin, with a preference for walk-in availa"
19,2,0.25,0.5,0.25,B,"Choice: B
P(A): 0.25
P(B): 0.5
P(C): 0.25

Note: These probabilities are assigned based on a balanced consideration of[2D[K
of the factors provided, with waiting time and side effects being signific"
19,3,0.25,0.5,0.25,B,"Choice: B
P(A): 0.25
P(B): 0.5
P(C): 0.25

This distribution reflects a balanced choice considering the trade-offs bet[3D[K
between waiting time, vaccine effectiveness, side effects risk, and cash i"
19,4,0.3,0.5,0.2,B,"Choice: B
P(A): 0.3
P(B): 0.5
P(C): 0.2

Note that while Alternative B has a higher risk of side effects, the walk-i[6D[K
walk-in availability might be more convenient for some individuals, potenti"
19,5,0.25,0.5,0.25,B,"Choice: B
P(A): 0.25
P(B): 0.5
P(C): 0.25

This response reflects a balanced decision-making approach, considering the[3D[K
the trade-offs between waiting time, vaccine effectiveness, side effects r"
19,6,0.35,0.55,0.1,B,"Choice: B
P(A): 0.35
P(B): 0.55
P(C): 0.10

This response considers the trade-offs between waiting time, vaccine effect[6D[K
effectiveness, side effects, and incentives, with a preference for walk-i"
19,7,0.25,0.5,0.25,B,"Choice: B
P(A): 0.25
P(B): 0.5
P(C): 0.25

Note: These probabilities are based on a subjective evaluation of the optio[5D[K
options, considering factors such as vaccine effectiveness, side effects, "
19,8,0.25,0.5,0.25,B,"Choice: B
P(A): 0.25
P(B): 0.5
P(C): 0.25

This response considers the trade-offs between waiting time, vaccine effect[6D[K
effectiveness, side effects risk, cash incentive, and vaccine origin. Alte"
19,9,0.25,0.5,0.25,B,"Choice: B
P(A): 0.25
P(B): 0.5
P(C): 0.25

Note that this response is based on a hypothetical evaluation and the proba[5D[K
probabilities assigned reflect an equal chance of choosing each alternativ"
19,10,0.3,0.5,0.2,B,"Choice: B
P(A): 0.3
P(B): 0.5
P(C): 0.2

Explanation for the probabilities:
- Alternative B offers no waiting time, which is a significant benefit comp[4D[K
compared to A and C.
- The risk of side e"
20,1,0.25,0.5,0.25,B,"Choice: B
P(A): 0.25
P(B): 0.5
P(C): 0.25

Note that these probabilities are based on a subjective evaluation consider[8D[K
considering the given criteria, and they may vary depending on individual "
20,2,0.25,0.5,0.25,B,"Choice: B
P(A): 0.25
P(B): 0.5
P(C): 0.25

This response balances considering the vaccine's effectiveness and side eff[3D[K
effects, the waiting time, the cash incentive, and the origin of the vacci"
20,3,0.2,0.7,0.1,B,"Choice: B
P(A): 0.2
P(B): 0.7
P(C): 0.1

This response is based on a weighted consideration of the factors provided,[9D[K
provided, where Alternative B offers the highest vaccine effectiveness with"
20,4,0.25,0.5,0.25,B,"Choice: B
P(A): 0.25
P(B): 0.5
P(C): 0.25

This response balances the vaccine effectiveness and side effects, while co[2D[K
considering the cash incentive. Given the significant difference in effect"
20,5,0.25,0.5,0.25,B,"Choice: B
P(A): 0.25
P(B): 0.5
P(C): 0.25

This choice balances high effectiveness and a reasonable risk profile, whil[4D[K
while the cash incentive provides an additional benefit. Choice A has lowe"
20,6,0.25,0.5,0.25,B,"Choice: B
P(A): 0.25
P(B): 0.5
P(C): 0.25

This distribution reflects a balanced consideration where Alternative B off[3D[K
offers the highest vaccine effectiveness, which is a crucial factor in pro"
20,7,0.25,0.5,0.25,B,"Choice: B
P(A): 0.25
P(B): 0.5
P(C): 0.25

This choice assumes an equal probability of selecting each alternative, giv[3D[K
given the considerations of effectiveness and side effects outweighing the"
20,8,0.25,0.5,0.25,B,"Choice: B
P(A): 0.25
P(B): 0.5
P(C): 0.25

This response assumes an equal probability of choosing between the options,[8D[K
options, given that each has its own set of advantages and disadvantages. "
20,9,0.25,0.5,0.25,B,"Choice: B
P(A): 0.25
P(B): 0.5
P(C): 0.25

This distribution assumes an equal likelihood of choosing between the alter[5D[K
alternatives, given their respective attributes and without strong persona"
20,10,0.25,0.5,0.25,B,"Choice: B
P(A): 0.25
P(B): 0.5
P(C): 0.25

This response balances the higher effectiveness and lower waiting time of A[1D[K
Alternative B with the other options, while acknowledging that some might "
21,1,0.25,0.5,0.25,B,"Choice: B
P(A): 0.25
P(B): 0.5
P(C): 0.25

This response is based on a subjective evaluation considering the waiting t[1D[K
time, vaccine effectiveness, side effects risk, cash incentive, and vaccin"
21,2,0.25,0.5,0.25,B,"Choice: B
P(A): 0.25
P(B): 0.5
P(C): 0.25

This response balances the considerations of waiting time, vaccine effectiv[8D[K
effectiveness, risk of side effects, and cash incentives, while also takin"
21,3,0.25,0.5,0.25,B,"Choice: B
P(A): 0.25
P(B): 0.5
P(C): 0.25

This response is based on a balanced consideration of the factors provided,[9D[K
provided, with an emphasis on vaccine effectiveness and side effects, as w"
21,4,0.35,0.6,0.05,B,"Choice: B
P(A): 0.35
P(B): 0.6
P(C): 0.05

This response is based on a subjective evaluation of the alternatives consi[5D[K
considering factors like waiting time, vaccine effectiveness, risk of side"
21,5,0.35,0.55,0.1,B,"Choice: B
P(A): 0.35
P(B): 0.55
P(C): 0.10

This response is based on a subjective evaluation considering factors like [K
vaccine effectiveness, side effects risk, and cash incentives. The probabil["
21,6,0.3,0.6,0.1,B,"Choice: B
P(A): 0.3
P(B): 0.6
P(C): 0.1

This response is based on a weighted consideration of the factors provided,[9D[K
provided, with a higher priority given to vaccine effectiveness and side ef"
21,7,0.25,0.5,0.25,B,"Choice: B
P(A): 0.25
P(B): 0.5
P(C): 0.25

This response balances the factors such as waiting time, effectiveness, ris[3D[K
risk of side effects, and cash incentive while considering the origin of t"
21,8,0.25,0.5,0.25,B,"Choice: B
P(A): 0.25
P(B): 0.5
P(C): 0.25

This response is based on a balanced consideration of the factors provided,[9D[K
provided, where Alternative B offers a reasonable balance between vaccine "
21,9,0.25,0.5,0.25,B,"Choice: B
P(A): 0.25
P(B): 0.5
P(C): 0.25

This response balances the consideration of waiting time, vaccine effective[9D[K
effectiveness, risk of side effects, cash incentive, and vaccine origin. A"
21,10,0.35,0.55,0.1,B,"Choice: B
P(A): 0.35
P(B): 0.55
P(C): 0.10

This response is based on a subjective evaluation considering the factors s[1D[K
such as effectiveness, side effects risk, and incentives, while also fact"
22,1,0.4,0.3,0.3,A,"Choice: A
P(A): 0.4
P(B): 0.3
P(C): 0.3

This distribution reflects a preference for Alternative A due to its immedi[6D[K
immediate availability and high effectiveness, with some weight given to th"
22,2,0.45,0.3,0.25,A,"Choice: A
P(A): 0.45
P(B): 0.3
P(C): 0.25

This response is based on a balanced consideration of vaccine effectiveness[13D[K
effectiveness, waiting time, risk of side effects, cash incentives, and v"
22,3,0.4,0.3,0.3,A,"Choice: A
P(A): 0.4
P(B): 0.3
P(C): 0.3

This response is based on a subjective evaluation considering factors such [K
as immediate access, high effectiveness, and significant cash incentive. Th[2D"
22,4,0.45,0.35,0.2,A,"Choice: A
P(A): 0.45
P(B): 0.35
P(C): 0.20

This response is based on a subjective evaluation of the alternatives, cons[4D[K
considering factors like vaccine effectiveness, side effects risk, cash i"
22,5,0.45,0.3,0.25,A,"Choice: A
P(A): 0.45
P(B): 0.3
P(C): 0.25

Note: These probabilities are based on a subjective assessment of the given[5D[K
given alternatives and may vary based on individual preferences and priori"
22,6,0.4,0.3,0.3,A,"Choice: A
P(A): 0.4
P(B): 0.3
P(C): 0.3

This response balances the considerations of immediate accessibility, effec[5D[K
effectiveness, risk, and incentive while allowing for some variability in p"
22,7,0.45,0.3,0.25,A,"Choice: A
P(A): 0.45
P(B): 0.3
P(C): 0.25

This response is based on a subjective evaluation considering factors such [K
as vaccine effectiveness, waiting time, and the cash incentive. The probabi[7"
22,8,0.45,0.3,0.25,A,"Choice: A
P(A): 0.45
P(B): 0.3
P(C): 0.25

This response is based on a subjective evaluation considering the factors s[1D[K
such as waiting time, vaccine effectiveness, risk of side effects, cash in"
22,9,0.45,0.35,0.2,A,"Choice: A
P(A): 0.45
P(B): 0.35
P(C): 0.20

This response is based on a subjective evaluation considering factors such [K
as vaccine effectiveness, waiting time, and cash incentives. The probabilit["
22,10,0.55,0.3,0.15,A,"Choice: A
P(A): 0.55
P(B): 0.3
P(C): 0.15

This response is based on a weighted evaluation of the alternatives conside[7D[K
considering vaccine effectiveness, side effects risk, and cash incentives,"
23,1,0.25,0.5,0.25,B,"Choice: B
P(A): 0.25
P(B): 0.5
P(C): 0.25

This distribution assumes an equal probability of choosing alternatives A a[1D[K
and C, with a slightly higher preference for B due to its high effectivene"
23,2,0.3,0.6,0.1,B,"Choice: B
P(A): 0.3
P(B): 0.6
P(C): 0.1

This response is based on a subjective evaluation considering the factors p[1D[K
provided, and the probabilities are indicative of a preference for Alternat"
23,3,0.25,0.5,0.25,B,"Choice: B
P(A): 0.25
P(B): 0.5
P(C): 0.25

This response balances considering the effectiveness of the vaccine, the ri[2D[K
risk of side effects, and the cash incentive. Given the significantly high"
23,4,0.25,0.5,0.25,B,"Choice: B
P(A): 0.25
P(B): 0.5
P(C): 0.25

This response balances the high effectiveness of Alternative B with a moder[5D[K
moderate risk and minimal waiting time, despite the lower cash incentive. "
23,5,0.25,0.5,0.25,B,"Choice: B
P(A): 0.25
P(B): 0.5
P(C): 0.25

This response is based on a balanced consideration of the factors provided,[9D[K
provided, with an emphasis on vaccine effectiveness and side effects, whil"
23,6,0.25,0.5,0.25,B,"Choice: B
P(A): 0.25
P(B): 0.5
P(C): 0.25

This distribution assumes an equal likelihood of choosing each alternative,[12D[K
alternative, considering the trade-offs in waiting time, vaccine effectiv"
23,7,0.25,0.5,0.25,B,"Choice: B
P(A): 0.25
P(B): 0.5
P(C): 0.25

This response reflects a balanced approach considering effectiveness, side [K
effects, and incentives, while also acknowledging the option to opt out ent[3"
23,8,0.25,0.5,0.25,B,"Choice: B
P(A): 0.25
P(B): 0.5
P(C): 0.25

This distribution reflects a balanced approach, considering the higher effe[4D[K
effectiveness and lower side effects of Alternative B, while acknowledging"
23,9,0.25,0.5,0.25,B,"Choice: B
P(A): 0.25
P(B): 0.5
P(C): 0.25

This distribution is based on a balanced consideration of effectiveness, si[2D[K
side effects, and incentives. Alternative B offers the highest vaccine eff"
23,10,0.3,0.6,0.1,B,"Choice: B
P(A): 0.3
P(B): 0.6
P(C): 0.1

This response balances the high effectiveness and relatively low risk of si[2D[K
side effects in Alternative B, while also accounting for the long waiting t"
24,1,0.4,0.5,0.1,B,"Choice: B
P(A): 0.4
P(B): 0.5
P(C): 0.1

This response balances the factors such as waiting time, vaccine effectiven[10D[K
effectiveness, risk of side effects, cash incentive, and vaccine origin. Al"
24,2,0.3,0.6,0.1,B,"Choice: B
P(A): 0.3
P(B): 0.6
P(C): 0.1

This response reflects a preference for Alternative B due to the immediate [K
availability and lower risk of side effects, while still providing some fin[3D"
24,3,0.3,0.6,0.1,B,"Choice: B
P(A): 0.3
P(B): 0.6
P(C): 0.1

This response is based on a subjective evaluation considering factors such [K
as waiting time, vaccine effectiveness, risk of side effects, and cash ince[4D"
24,4,0.45,0.5,0.05,B,"Choice: B
P(A): 0.45
P(B): 0.5
P(C): 0.05

This response is based on a subjective evaluation considering the waiting t[1D[K
time, vaccine effectiveness, risk of side effects, cash incentive, and vac"
24,5,0.25,0.5,0.25,B,"Choice: B
P(A): 0.25
P(B): 0.5
P(C): 0.25

This response balances the considerations of vaccine effectiveness, side ef[2D[K
effects risk, waiting time, and cash incentives, while also taking into ac"
24,6,0.35,0.55,0.1,B,"Choice: B
P(A): 0.35
P(B): 0.55
P(C): 0.10

This response is based on a subjective evaluation of the alternatives, cons[4D[K
considering factors like waiting time, vaccine effectiveness, risk of sid"
24,7,0.35,0.55,0.1,B,"Choice: B
P(A): 0.35
P(B): 0.55
P(C): 0.10

This response is based on a subjective assessment of the alternatives, cons[4D[K
considering factors such as waiting time, vaccine effectiveness, risk of "
24,8,0.25,0.5,0.25,B,"Choice: B
P(A): 0.25
P(B): 0.5
P(C): 0.25

This response balances the immediate benefits and risks of each option, wit[3D[K
with a moderate preference for Alternative B due to its walk-in availabili"
24,9,0.35,0.55,0.1,B,"Choice: B
P(A): 0.35
P(B): 0.55
P(C): 0.10

This response is based on a subjective evaluation considering factors such [K
as waiting time, vaccine effectiveness, side effects risk, cash incentive, ["
24,10,0.35,0.55,0.1,B,"Choice: B
P(A): 0.35
P(B): 0.55
P(C): 0.10

This response reflects a bias towards the walk-in availability and lower ri[2D[K
risk of side effects in Alternative B, while also considering the domesti"
25,1,0.55,0.3,0.15,A,"Choice: A
P(A): 0.55
P(B): 0.3
P(C): 0.15

Note: These probabilities are based on a subjective assessment of the given[5D[K
given alternatives, considering factors such as vaccine effectiveness and "
25,2,0.45,0.1,0.45,A,"Choice: A
P(A): 0.45
P(B): 0.1
P(C): 0.45

Note that these probabilities are hypothetical and based on a subjective ev[2D[K
evaluation of the given options, considering factors such as vaccine effec"
25,3,0.5,0.3,0.2,A,"Choice: A
P(A): 0.5
P(B): 0.3
P(C): 0.2

This distribution is subjective and based on the given criteria, with a hig[3D[K
higher probability assigned to Alternative A due to its high effectiveness "
25,4,0.4,0.3,0.3,A,"Choice: A
P(A): 0.4
P(B): 0.3
P(C): 0.3

This response is based on a subjective evaluation considering factors such [K
as vaccine effectiveness, risk of side effects, and the absence of an incen[5D"
25,5,0.4,0.3,0.3,A,"Choice: A
P(A): 0.4
P(B): 0.3
P(C): 0.3

This response reflects a balanced decision-making approach, acknowledging t[1D[K
the high effectiveness and low side effect risk of Alternative A while also"
25,6,0.6,0.3,0.1,A,"Choice: A
P(A): 0.6
P(B): 0.3
P(C): 0.1

This response is based on a subjective evaluation considering factors such [K
as vaccine effectiveness, risk of side effects, and the relatively low impa[4D"
25,7,0.25,0.5,0.25,B,"Choice: B
P(A): 0.25
P(B): 0.5
P(C): 0.25

This response balances the consideration of vaccine effectiveness, risk, an[2D[K
and incentives while acknowledging that the choice might vary based on ind"
25,8,0.5,0.3,0.2,A,"Choice: A
P(A): 0.5
P(B): 0.3
P(C): 0.2

This distribution reflects a preference for Alternative A due to its higher[6D[K
higher vaccine effectiveness and lower risk of side effects, despite the lo"
25,9,0.6,0.3,0.1,A,"Choice: A
P(A): 0.6
P(B): 0.3
P(C): 0.1

This response is based on a subjective assessment considering factors such [K
as vaccine effectiveness, risk of side effects, and waiting time, with a sl[2D"
25,10,0.45,0.35,0.2,A,"Choice: A
P(A): 0.45
P(B): 0.35
P(C): 0.20

This response is based on a subjective evaluation of the alternatives, cons[4D[K
considering factors such as vaccine effectiveness, risk of side effects, "
26,1,0.25,0.5,0.25,B,"Choice: B
P(A): 0.25
P(B): 0.5
P(C): 0.25

This response reflects a balanced choice where Alternative B is selected wi[2D[K
with the highest probability due to its high effectiveness and low risk, w"
26,2,0.25,0.5,0.25,B,"Choice: B
P(A): 0.25
P(B): 0.5
P(C): 0.25

This distribution reflects a balanced consideration of vaccine effectivenes[12D[K
effectiveness and the cash incentive, with a slight preference towards Al"
26,3,0.25,0.5,0.25,B,"Choice: B
P(A): 0.25
P(B): 0.5
P(C): 0.25

This distribution reflects a balanced consideration where Alternative B is [K
chosen with the highest probability due to its higher vaccine effectiveness[1"
26,4,0.2,0.7,0.1,B,"Choice: B
P(A): 0.2
P(B): 0.7
P(C): 0.1

This response is based on a weighted consideration of the factors such as v[1D[K
vaccine effectiveness, waiting time, side effects risk, and cash incentives"
26,5,0.25,0.5,0.25,B,"Choice: B
P(A): 0.25
P(B): 0.5
P(C): 0.25

This response reflects a balanced approach, considering the high effectiven[10D[K
effectiveness and low side effects of Alternative B while acknowledging t"
26,6,0.25,0.5,0.25,B,"Choice: B
P(A): 0.25
P(B): 0.5
P(C): 0.25

This response assumes an equal likelihood of choosing alternatives A and C,[2D[K
C, with a higher preference for B due to its significantly higher vaccine "
26,7,0.25,0.5,0.25,B,"Choice: B
P(A): 0.25
P(B): 0.5
P(C): 0.25"
26,8,0.2,0.6,0.2,B,"Choice: B
P(A): 0.2
P(B): 0.6
P(C): 0.2

This response is based on the assumption that the benefits of effectiveness[13D[K
effectiveness and lower risk outweigh the shorter waiting time, cash incent"
26,9,0.25,0.5,0.25,B,"Choice: B
P(A): 0.25
P(B): 0.5
P(C): 0.25

This response reflects a balanced approach, considering the high effectiven[10D[K
effectiveness and low risk of side effects in Alternative B while recogni"
26,10,0.25,0.5,0.25,B,"Choice: B
P(A): 0.25
P(B): 0.5
P(C): 0.25

This response balances the high effectiveness and low risk of side effects [K
with a higher cash incentive, while also considering an equal chance to opt[3"
27,1,0.5,0.3,0.2,A,"Choice: A
P(A): 0.5
P(B): 0.3
P(C): 0.2

This response is based on a subjective evaluation considering factors like [K
vaccine effectiveness, side effect risk, and cash incentive. The probabilit[10D"
27,2,0.5,0.3,0.2,A,"Choice: A
P(A): 0.5
P(B): 0.3
P(C): 0.2

This response is based on a weighted consideration of vaccine effectiveness[13D[K
effectiveness, side effects risk, waiting time, and the cash incentive, as "
27,3,0.45,0.3,0.25,A,"Choice: A
P(A): 0.45
P(B): 0.3
P(C): 0.25

This distribution assumes a moderate preference for the higher effectivenes[12D[K
effectiveness of Alternative A, while also considering the risk and incen"
27,4,0.45,0.3,0.25,A,"Choice: A
P(A): 0.45
P(B): 0.3
P(C): 0.25

This distribution reflects a preference for Alternative A due to its higher[6D[K
higher effectiveness and substantial cash incentive, while still accountin"
27,5,0.45,0.3,0.25,A,"Choice: A
P(A): 0.45
P(B): 0.3
P(C): 0.25

This distribution reflects a preference for Alternative A due to its higher[6D[K
higher vaccine effectiveness and cash incentive, while still considering t"
27,6,0.5,0.3,0.2,A,"Choice: A
P(A): 0.5
P(B): 0.3
P(C): 0.2

This response balances the high effectiveness and reasonable side effects o[1D[K
of Alternative A with some preference towards Domestic production (Alternat"
27,7,0.45,0.3,0.25,A,"Choice: A
P(A): 0.45
P(B): 0.3
P(C): 0.25

This response is based on a subjective evaluation of the alternatives, taki[4D[K
taking into account factors such as vaccine effectiveness, risk of side ef"
27,8,0.55,0.3,0.15,A,"Choice: A
P(A): 0.55
P(B): 0.3
P(C): 0.15

Note: These probabilities are hypothetical and based on a subjective assess[6D[K
assessment of the given options, considering factors such as vaccine effec"
27,9,0.5,0.3,0.2,A,"Choice: A
P(A): 0.5
P(B): 0.3
P(C): 0.2

This response is based on a subjective evaluation of the alternatives, cons[4D[K
considering factors such as vaccine effectiveness and side effect risk, whi"
27,10,0.5,0.3,0.2,A,"Choice: A
P(A): 0.5
P(B): 0.3
P(C): 0.2

This response is based on a balanced consideration of the factors, with hig[3D[K
higher weight given to vaccine effectiveness and lower weight to waiting ti"
28,1,0.25,0.5,0.25,B,"Choice: B
P(A): 0.25
P(B): 0.5
P(C): 0.25

This response assumes an equal likelihood of choosing between the alternati[9D[K
alternatives given their respective attributes, as a balanced approach to "
28,2,0.3,0.5,0.2,B,"Choice: B
P(A): 0.3
P(B): 0.5
P(C): 0.2

Note that these probabilities are based on a subjective evaluation and may [K
vary for different individuals depending on their personal preferences, ris[3D"
28,3,0.3,0.5,0.2,B,"Choice: B
P(A): 0.3
P(B): 0.5
P(C): 0.2

This response is based on a simple evaluation of the alternatives consideri[9D[K
considering effectiveness, waiting time, side effects risk, and cash incent"
28,4,0.25,0.5,0.25,B,"Choice: B
P(A): 0.25
P(B): 0.5
P(C): 0.25

This response balances the considerations of waiting time, effectiveness, s[1D[K
side effects, cash incentive, and vaccine origin. Given that both A and B "
28,5,0.25,0.5,0.25,B,"Choice: B
P(A): 0.25
P(B): 0.5
P(C): 0.25

This response reflects a balanced choice, considering the vaccine's effecti[7D[K
effectiveness and waiting time as significant factors. The probabilities a"
28,6,0.3,0.5,0.2,B,"Choice: B
P(A): 0.3
P(B): 0.5
P(C): 0.2

This response is based on a subjective evaluation considering the factors s[1D[K
such as waiting time, vaccine effectiveness, side effects risk, cash incent"
28,7,0.25,0.5,0.25,B,"Choice: B
P(A): 0.25
P(B): 0.5
P(C): 0.25

This response balances the factors of waiting time, effectiveness, side eff[3D[K
effects, cash incentive, and vaccine origin, with a bias towards receiving"
28,8,0.25,0.5,0.25,B,"Choice: B
P(A): 0.25
P(B): 0.5
P(C): 0.25

This response reflects a balanced choice, considering the waiting time and [K
effectiveness of the vaccine while also factoring in the cash incentive. Th[2"
28,9,0.35,0.55,0.1,B,"Choice: B
P(A): 0.35
P(B): 0.55
P(C): 0.10

This response is based on a subjective evaluation considering the waiting t[1D[K
time, vaccine effectiveness, risk of side effects, cash incentive, and va"
28,10,0.25,0.5,0.25,B,"Choice: B
P(A): 0.25
P(B): 0.5
P(C): 0.25

This distribution reflects a balanced consideration of factors such as effe[4D[K
effectiveness, waiting time, and incentives, while also allowing for the o"
29,1,0.25,0.5,0.25,B,"Choice: B
P(A): 0.25
P(B): 0.5
P(C): 0.25"
29,2,0.25,0.5,0.25,B,"Choice: B
P(A): 0.25
P(B): 0.5
P(C): 0.25

This response balances the high effectiveness and low side effects of Alter[5D[K
Alternative B with the other viable options, assigning equal probabilities"
29,3,0.25,0.5,0.25,B,"Choice: B
P(A): 0.25
P(B): 0.5
P(C): 0.25

This response reflects a balanced consideration of the benefits and drawbac[7D[K
drawbacks of each alternative, with a slight preference for Alternative B "
29,4,0.25,0.5,0.25,B,"Choice: B
P(A): 0.25
P(B): 0.5
P(C): 0.25

This response assumes an equal probability for choosing alternatives A and [K
C, with a higher preference for B due to its significantly higher vaccine e[1"
29,5,0.25,0.5,0.25,B,"Choice: B
P(A): 0.25
P(B): 0.5
P(C): 0.25"
29,6,0.25,0.5,0.25,B,"Choice: B
P(A): 0.25
P(B): 0.5
P(C): 0.25"
29,7,0.25,0.5,0.25,B,"Choice: B
P(A): 0.25
P(B): 0.5
P(C): 0.25

This response reflects a balanced decision, considering the high effectiven[10D[K
effectiveness and low side effect risk of Alternative B while factoring i"
29,8,0.25,0.5,0.25,B,"Choice: B
P(A): 0.25
P(B): 0.5
P(C): 0.25"
29,9,0.25,0.5,0.25,B,"Choice: B
P(A): 0.25
P(B): 0.5
P(C): 0.25"
29,10,0.2,0.6,0.2,B,"Choice: B
P(A): 0.2
P(B): 0.6
P(C): 0.2

This response reflects a higher preference for Alternative B due to its sig[3D[K
significantly higher vaccine effectiveness, while still considering the rel"
30,1,0.25,0.5,0.25,B,"Choice: B
P(A): 0.25
P(B): 0.5
P(C): 0.25

This distribution reflects a balanced consideration of effectiveness, side [K
effects, and the relatively low incentive value in Alternative A compared t[1"
30,2,0.25,0.5,0.25,B,"Choice: B
P(A): 0.25
P(B): 0.5
P(C): 0.25

This response balances the effectiveness, risk, and incentives of each alte[4D[K
alternative while considering the domestic vaccine origin as a neutral fac"
30,3,0.25,0.5,0.25,B,"Choice: B
P(A): 0.25
P(B): 0.5
P(C): 0.25

This response assumes an equal likelihood of choosing between the alternati[9D[K
alternatives based on their perceived benefits and drawbacks, considering "
30,4,0.25,0.5,0.25,B,"Choice: B
P(A): 0.25
P(B): 0.5
P(C): 0.25

This distribution reflects a balanced consideration of vaccine effectivenes[12D[K
effectiveness, side effects risk, and financial incentives, with the high"
30,5,0.25,0.5,0.25,B,"Choice: B
P(A): 0.25
P(B): 0.5
P(C): 0.25

This distribution assumes an equal likelihood of choosing between the two b[1D[K
better options (A and B) and a slightly lower preference for the third opt"
30,6,0.25,0.5,0.25,B,"Choice: B
P(A): 0.25
P(B): 0.5
P(C): 0.25

This distribution reflects a balanced consideration of effectiveness, risk,[5D[K
risk, and incentives while acknowledging that the decision might vary base"
30,7,0.25,0.5,0.25,B,"Choice: B
P(A): 0.25
P(B): 0.5
P(C): 0.25

This distribution assumes an equal likelihood of choosing alternatives A an[2D[K
and C, with a higher probability towards B due to its significantly higher"
30,8,0.25,0.5,0.25,B,"Choice: B
P(A): 0.25
P(B): 0.5
P(C): 0.25

This distribution reflects a balanced preference, considering the high effe[4D[K
effectiveness and low risk of side effects in Alternative B, while also ac"
30,9,0.2,0.6,0.2,B,"Choice: B
P(A): 0.2
P(B): 0.6
P(C): 0.2

This response is based on a subjective evaluation considering factors such [K
as vaccine effectiveness, risk of side effects, and the cash incentive. Alt[3D"
30,10,0.25,0.5,0.25,B,"Choice: B
P(A): 0.25
P(B): 0.5
P(C): 0.25

This response balances the high effectiveness and low risk of side effects [K
in Alternative B against the other options, while also accounting for the n[1"
31,1,0.25,0.5,0.25,B,"Choice: B
P(A): 0.25
P(B): 0.5
P(C): 0.25

This response balances considering the higher effectiveness and lower side [K
effects of Alternative B while acknowledging the significant wait time, wit[3"
31,2,0.25,0.5,0.25,B,"Choice: B
P(A): 0.25
P(B): 0.5
P(C): 0.25

This response balances considering the vaccine's effectiveness, side effect[6D[K
effects, and incentives while also accounting for the waiting time. Altern"
31,3,0.25,0.5,0.25,B,"Choice: B
P(A): 0.25
P(B): 0.5
P(C): 0.25

This distribution assumes a balanced consideration of all factors, with a s[1D[K
slight preference for Alternative B due to its higher effectiveness and lo"
31,4,0.25,0.5,0.25,B,"Choice: B
P(A): 0.25
P(B): 0.5
P(C): 0.25

This response considers a balanced approach, acknowledging the higher effec[5D[K
effectiveness and lower side effect risk of Alternative B while accounting"
31,5,0.25,0.5,0.25,B,"Choice: B
P(A): 0.25
P(B): 0.5
P(C): 0.25

This distribution is based on a balanced consideration of the provided fact[4D[K
factors, with higher weight given to vaccine effectiveness and lower side "
31,6,0.25,0.5,0.25,B,"Choice: B
P(A): 0.25
P(B): 0.5
P(C): 0.25

This response balances the effectiveness, side effects risk, and cash incen[5D[K
incentive while considering the waiting time and vaccine origin. Alternati"
31,7,0.25,0.5,0.25,B,"Choice: B
P(A): 0.25
P(B): 0.5
P(C): 0.25

This distribution assumes an equal likelihood of choosing alternatives A or[2D[K
or C, with a higher probability of choosing B due to its better balance of"
31,8,0.25,0.5,0.25,B,"Choice: B
P(A): 0.25
P(B): 0.5
P(C): 0.25

Note: These probabilities are assigned based on a subjective assessment of [K
the alternatives, considering factors like vaccine effectiveness and side e[1"
31,9,0.25,0.5,0.25,B,"Choice: B
P(A): 0.25
P(B): 0.5
P(C): 0.25

This response balances the consideration of vaccine effectiveness, side eff[3D[K
effects risk, and incentives while accounting for the waiting time. Altern"
31,10,0.25,0.5,0.25,B,"Choice: B
P(A): 0.25
P(B): 0.5
P(C): 0.25

This response balances the factors of vaccine effectiveness, side effects r[1D[K
risk, and cash incentive, considering the origin of the vaccine as a secon"
32,1,0.35,0.6,0.05,B,"Choice: B
P(A): 0.35
P(B): 0.60
P(C): 0.05

This response is based on the assumption that the choice between A and B is[2D[K
is indifferent due to identical attributes (waiting time, vaccine effecti"
32,2,0.33,0.34,0.33,B,"Choice: B
P(A): 0.33
P(B): 0.34
P(C): 0.33

Note that the probabilities are distributed based on the minimal difference[10D[K
difference between alternatives A and B, considering they are essentiall"
32,3,0.35,0.6,0.05,B,"Choice: B
P(A): 0.35
P(B): 0.6
P(C): 0.05

This response is based on a hypothetical preference where Alternative B (ch[3D[K
(choosing the domestically produced vaccine) is slightly more likely to be"
32,4,0.45,0.45,0.1,A,"Choice: A
P(A): 0.45
P(B): 0.45
P(C): 0.10

This response is based on a balanced evaluation where the waiting time, vac[3D[K
vaccine effectiveness, risk of side effects, and cash incentive are ident"
32,5,0.45,0.45,0.1,A,"Choice: A
P(A): 0.45
P(B): 0.45
P(C): 0.10

This response assumes an equal likelihood of choosing between the two alter[5D[K
alternatives that involve receiving a vaccine, and a lower likelihood of "
32,6,0.33,0.34,0.33,B,"Choice: B
P(A): 0.33
P(B): 0.34
P(C): 0.33

Note: The probabilities are distributed evenly among the two vaccine option[6D[K
options since they offer identical conditions, and a slight bias is given"
32,7,0.45,0.45,0.1,A,"Choice: A
P(A): 0.45
P(B): 0.45
P(C): 0.1

Note that the probabilities assigned are based on the assumption that the o[1D[K
only difference between Alternatives A and B is the vaccine origin, which "
32,8,0.3,0.5,0.2,B,"Choice: B
P(A): 0.3
P(B): 0.5
P(C): 0.2

Note that these probabilities are based on a hypothetical distribution and [K
do not reflect an actual statistical analysis or personal beliefs about the[3D"
32,9,0.33,0.34,0.33,B,"Choice: B
P(A): 0.33
P(B): 0.34
P(C): 0.33

Given that the only difference between Alternatives A and B is the vaccine [K
origin, which does not seem to impact the waiting time, effectiveness, risk["
32,10,0.4,0.5,0.1,B,"Choice: B
P(A): 0.4
P(B): 0.5
P(C): 0.1

This response is based on a hypothetical scenario where the decision is mad[3D[K
made primarily by assigning equal weight to the alternatives while slightly"
33,1,0.58,0.32,0.1,A,"Choice: A
P(A): 0.58
P(B): 0.32
P(C): 0.10

This response is based on a subjective evaluation considering the factors o[1D[K
of vaccine effectiveness, risk of side effects, and cash incentive. Alter"
33,2,0.45,0.3,0.25,A,"Choice: A
P(A): 0.45
P(B): 0.3
P(C): 0.25

Note that these probabilities are based on a subjective evaluation of the o[1D[K
options, considering factors such as vaccine effectiveness and side effect"
33,3,0.35,0.55,0.1,B,"Choice: B
P(A): 0.35
P(B): 0.55
P(C): 0.10

This distribution is based on a preference for higher vaccine effectiveness[13D[K
effectiveness, lower risk of side effects, and the walk-in availability "
33,4,0.35,0.6,0.05,B,"Choice: B
P(A): 0.35
P(B): 0.6
P(C): 0.05

Note: These probabilities are based on a subjective evaluation considering [K
factors like vaccine effectiveness and side effects, with the cash incentiv[8"
33,5,0.55,0.35,0.1,A,"Choice: A
P(A): 0.55
P(B): 0.35
P(C): 0.10

This response is based on a weighted decision considering vaccine effective[9D[K
effectiveness and the risk of side effects, with Alternative A having the"
33,6,0.5,0.3,0.2,A,"Choice: A
P(A): 0.5
P(B): 0.3
P(C): 0.2

This response reflects a balanced choice, considering both effectiveness an[2D[K
and risk factors. The probabilities are assigned based on a subjective asse"
33,7,0.55,0.35,0.1,A,"Choice: A
P(A): 0.55
P(B): 0.35
P(C): 0.10

This response is based on a subjective evaluation of the alternatives, cons[4D[K
considering vaccine effectiveness and side effects as primary factors. Al"
33,8,0.45,0.3,0.25,A,"Choice: A
P(A): 0.45
P(B): 0.3
P(C): 0.25

Note that these probabilities are based on a subjective evaluation and can [K
vary depending on individual preferences and risk tolerance. The choice of [K"
33,9,0.45,0.35,0.2,A,"Choice: A
P(A): 0.45
P(B): 0.35
P(C): 0.2

This response reflects a preference for Alternative A, considering its high[4D[K
high vaccine effectiveness and reasonable risk of side effects. However, t"
33,10,0.55,0.3,0.15,A,"Choice: A
P(A): 0.55
P(B): 0.3
P(C): 0.15

Note that these probabilities are based on a subjective evaluation of the g[1D[K
given alternatives and may vary depending on individual preferences and ri"
34,1,0.45,0.35,0.2,A,"Choice: A
P(A): 0.45
P(B): 0.35
P(C): 0.2

This response is based on a subjective evaluation considering factors such [K
as vaccine effectiveness and the presence of a cash incentive, with slightl[7"
34,2,0.5,0.3,0.2,A,"Choice: A
P(A): 0.5
P(B): 0.3
P(C): 0.2

This response is based on a weighted decision where Alternative A offers th[2D[K
the highest vaccine effectiveness with an 80% chance of choosing it due to "
34,3,0.45,0.3,0.25,A,"Choice: A
P(A): 0.45
P(B): 0.3
P(C): 0.25

This distribution assumes a slightly higher preference for Alternative A du[2D[K
due to its better vaccine effectiveness, with some consideration given to "
34,4,0.45,0.3,0.25,A,"Choice: A
P(A): 0.45
P(B): 0.3
P(C): 0.25

Note: These probabilities are based on a subjective evaluation of the given[5D[K
given options and may vary depending on individual preferences and values."
34,5,0.5,0.3,0.2,A,"Choice: A
P(A): 0.5
P(B): 0.3
P(C): 0.2

This response is based on a weighted decision considering vaccine effective[9D[K
effectiveness as the primary factor, with side effects and incentives being"
34,6,0.45,0.35,0.2,A,"Choice: A
P(A): 0.45
P(B): 0.35
P(C): 0.20

This response is based on a subjective evaluation of the alternatives, cons[4D[K
considering vaccine effectiveness as the primary factor, with side effect"
34,7,0.45,0.3,0.25,A,"Choice: A
P(A): 0.45
P(B): 0.3
P(C): 0.25

This distribution is based on the following considerations:
- Alternative A has a higher vaccine effectiveness (70%) compared to B (50%[4D[K
(50%), which i"
34,8,0.5,0.3,0.2,A,"Choice: A
P(A): 0.5
P(B): 0.3
P(C): 0.2

This distribution reflects a preference for Alternative A due to its higher[6D[K
higher vaccine effectiveness, with some consideration given to Alternative "
34,9,0.5,0.3,0.2,A,"Choice: A
P(A): 0.5
P(B): 0.3
P(C): 0.2

This response assumes a balanced but slightly weighted choice based on the [K
provided attributes. The higher effectiveness of Alternative A over B, comb[4D"
34,10,0.5,0.3,0.2,A,"Choice: A
P(A): 0.5
P(B): 0.3
P(C): 0.2

This response is based on a subjective evaluation considering the vaccine's[9D[K
vaccine's effectiveness and the presence of a cash incentive, with slightly"
35,1,0.25,0.5,0.25,B,"Choice: B
P(A): 0.25
P(B): 0.5
P(C): 0.25

This response balances the considerations of vaccine effectiveness, side ef[2D[K
effects, and incentives while factoring in the origin of the vaccine as a "
35,2,0.25,0.5,0.25,B,"Choice: B
P(A): 0.25
P(B): 0.5
P(C): 0.25

This distribution assumes an equal preference for each option, considering [K
the significant differences in vaccine effectiveness and side effects betwe[5"
35,3,0.25,0.5,0.25,B,"Choice: B
P(A): 0.25
P(B): 0.5
P(C): 0.25

This response balances the high effectiveness and low risk of side effects [K
in Alternative B while acknowledging the significant benefits of Alternativ[1"
35,4,0.25,0.5,0.25,B,"Choice: B
P(A): 0.25
P(B): 0.5
P(C): 0.25

This response balances the high effectiveness and low risk of side effects [K
with a moderate cash incentive, while also acknowledging the option to opt [K"
35,5,0.25,0.5,0.25,B,"Choice: B
P(A): 0.25
P(B): 0.5
P(C): 0.25

This distribution reflects a moderate preference for Alternative B due to i[1D[K
its high effectiveness and low risk of side effects, while still consideri"
35,6,0.25,0.5,0.25,B,"Choice: B
P(A): 0.25
P(B): 0.5
P(C): 0.25

This response assumes an equal probability of choosing between the alternat[8D[K
alternatives, given the significant differences in vaccine effectiveness a"
35,7,0.25,0.5,0.25,B,"Choice: B
P(A): 0.25
P(B): 0.5
P(C): 0.25

This response assumes an equal preference for alternatives A and C, making [K
B the most attractive option given its high effectiveness and low risk of s[1"
35,8,0.25,0.5,0.25,B,"Choice: B
P(A): 0.25
P(B): 0.5
P(C): 0.25

This response balances the considerations of vaccine effectiveness, side ef[2D[K
effects, waiting time, and incentives, while also acknowledging the option"
35,9,0.25,0.5,0.25,B,"Choice: B
P(A): 0.25
P(B): 0.5
P(C): 0.25

This distribution reflects a balanced approach, acknowledging the high effe[4D[K
effectiveness and low side effects of Alternative B while considering the "
35,10,0.25,0.5,0.25,B,"Choice: B
P(A): 0.25
P(B): 0.5
P(C): 0.25

This response assumes an equal preference for alternatives A and B, with a [K
slight lean towards B due to its higher effectiveness and lower side effect[6"
36,1,0.55,0.3,0.15,A,"Choice: A
P(A): 0.55
P(B): 0.3
P(C): 0.15

This distribution reflects a preference for Alternative A due to its high v[1D[K
vaccine effectiveness and cash incentive, while recognizing the drawbacks "
36,2,0.45,0.35,0.2,A,"Choice: A
P(A): 0.45
P(B): 0.35
P(C): 0.2

Explanation:
- Alternative A offers a high vaccine effectiveness rate and a relatively s[1D[K
short waiting time compared to B, despite the lower cash ince"
36,3,0.45,0.35,0.2,A,"Choice: A
P(A): 0.45
P(B): 0.35
P(C): 0.20

Note: These probabilities are based on a subjective assessment and may vary[4D[K
vary depending on individual preferences and priorities. The higher proba"
36,4,0.45,0.35,0.2,A,"Choice: A
P(A): 0.45
P(B): 0.35
P(C): 0.20

This response is based on a subjective evaluation considering factors such [K
as vaccine effectiveness, waiting time, and the cash incentive. Alternative["
36,5,0.5,0.3,0.2,A,"Choice: A
P(A): 0.5
P(B): 0.3
P(C): 0.2

This response is based on a weighted evaluation of the factors provided, wi[2D[K
with considerations for vaccine effectiveness and waiting time being more s"
36,6,0.45,0.3,0.25,A,"Choice: A
P(A): 0.45
P(B): 0.3
P(C): 0.25

Note that these probabilities are based on a subjective assessment of the p[1D[K
provided alternatives and do not represent an objective recommendation or "
36,7,0.45,0.3,0.25,A,"Choice: A
P(A): 0.45
P(B): 0.3
P(C): 0.25

Note that these probabilities are based on a subjective evaluation of the g[1D[K
given alternatives and do not reflect an objective assessment or recommend"
36,8,0.45,0.3,0.25,A,"Choice: A
P(A): 0.45
P(B): 0.3
P(C): 0.25

This response is based on a subjective evaluation of the alternatives, cons[4D[K
considering factors such as vaccine effectiveness and side effect risk. Th"
36,9,0.45,0.3,0.25,A,"Choice: A
P(A): 0.45
P(B): 0.3
P(C): 0.25

Note that these probabilities are based on a subjective evaluation and may [K
vary based on individual preferences and risk tolerance. The choice of A re[2"
36,10,0.5,0.3,0.2,A,"Choice: A
P(A): 0.5
P(B): 0.3
P(C): 0.2

This response is based on a subjective evaluation considering factors such [K
as vaccine effectiveness, risk of side effects, and cash incentive. It's im[2D"
37,1,0.3,0.5,0.2,B,"Choice: B
P(A): 0.3
P(B): 0.5
P(C): 0.2

This distribution reflects a higher likelihood of choosing Alternative B du[2D[K
due to the lower risk of side effects and the larger cash incentive, despit"
37,2,0.35,0.55,0.1,B,"Choice: B
P(A): 0.35
P(B): 0.55
P(C): 0.10

This response is based on a subjective evaluation considering factors like [K
waiting time, vaccine effectiveness, risk of side effects, cash incentives,["
37,3,0.25,0.5,0.25,B,"Choice: B
P(A): 0.25
P(B): 0.5
P(C): 0.25

This response is based on a balanced consideration of all factors, includin[8D[K
including vaccine effectiveness, side effect risk, cash incentive, waiting"
37,4,0.3,0.5,0.2,B,"Choice: B
P(A): 0.3
P(B): 0.5
P(C): 0.2

This response is based on a weighted consideration of waiting time, vaccine[7D[K
vaccine effectiveness, risk of side effects, cash incentive, and vaccine or"
37,5,0.25,0.5,0.25,B,"Choice: B
P(A): 0.25
P(B): 0.5
P(C): 0.25

This response assumes an equal probability of choosing each alternative, gi[2D[K
given the complexities and individual preferences not fully captured by th"
37,6,0.3,0.5,0.2,B,"Choice: B
P(A): 0.3
P(B): 0.5
P(C): 0.2

This response is based on a subjective evaluation considering factors like [K
waiting time, vaccine effectiveness, risk of side effects, cash incentive, [K
a"
37,7,0.25,0.5,0.25,B,"Choice: B
P(A): 0.25
P(B): 0.5
P(C): 0.25

This response balances the considerations of waiting time, vaccine effectiv[8D[K
effectiveness, side effects risk, cash incentive, and vaccine origin. Alte"
37,8,0.25,0.5,0.25,B,"Choice: B
P(A): 0.25
P(B): 0.5
P(C): 0.25

This distribution reflects a balanced approach, considering the high effect[6D[K
effectiveness and low risk in Alternative B despite the longer waiting tim"
37,9,0.25,0.5,0.25,B,"Choice: B
P(A): 0.25
P(B): 0.5
P(C): 0.25

This response balances the considerations of vaccine effectiveness, side ef[2D[K
effects, and incentives while acknowledging the varying levels of risk and"
37,10,0.25,0.5,0.25,B,"Choice: B
P(A): 0.25
P(B): 0.5
P(C): 0.25

Note that these probabilities are chosen based on a subjective assessment o[1D[K
of the options, considering factors such as vaccine effectiveness, risk of"
38,1,0.55,0.3,0.15,A,"Choice: A
P(A): 0.55
P(B): 0.3
P(C): 0.15

Note: These probabilities are based on a subjective evaluation considering [K
the vaccine's effectiveness and side effects, as well as the cash incentive[9"
38,2,0.5,0.3,0.2,A,"Choice: A
P(A): 0.5
P(B): 0.3
P(C): 0.2

This response balances the given factors such as vaccine effectiveness, ris[3D[K
risk of side effects, cash incentive, and origin, with a bias towards highe"
38,3,0.55,0.3,0.15,A,"Choice: A
P(A): 0.55
P(B): 0.3
P(C): 0.15

Note that these probabilities are based on a subjective assessment of the g[1D[K
given alternatives and do not necessarily reflect actual medical advice or"
38,4,0.45,0.3,0.25,A,"Choice: A
P(A): 0.45
P(B): 0.3
P(C): 0.25

Note that these probabilities are based on a subjective evaluation and may [K
vary depending on individual preferences and priorities. The choice of Alte[4"
38,5,0.65,0.25,0.1,A,"Choice: A
P(A): 0.65
P(B): 0.25
P(C): 0.10

Note: These probabilities are based on a subjective assessment of the given[5D[K
given alternatives and may vary based on individual preferences and value"
38,6,0.6,0.2,0.2,A,"Choice: A
P(A): 0.6
P(B): 0.2
P(C): 0.2

This response is based on a weighted consideration of the factors provided,[9D[K
provided, with a higher value placed on vaccine effectiveness and lower sid"
38,7,0.55,0.3,0.15,A,"Choice: A
P(A): 0.55
P(B): 0.3
P(C): 0.15

Note that these probabilities are based on a subjective assessment of the a[1D[K
alternatives, considering factors such as vaccine effectiveness, side effe"
38,8,0.55,0.3,0.15,A,"Choice: A
P(A): 0.55
P(B): 0.3
P(C): 0.15

This distribution is based on a subjective evaluation of the alternatives, [K
considering factors such as vaccine effectiveness and risk of side effects,[8"
38,9,0.6,0.3,0.1,A,"Choice: A
P(A): 0.6
P(B): 0.3
P(C): 0.1

This response is based on a subjective evaluation considering the effective[9D[K
effectiveness and risk of side effects, which are significantly better in A"
38,10,0.55,0.3,0.15,A,"Choice: A
P(A): 0.55
P(B): 0.3
P(C): 0.15

This distribution reflects a preference for Alternative A due to its higher[6D[K
higher vaccine effectiveness and lower risk of side effects, despite the l"
39,1,0.25,0.5,0.25,B,"Choice: B
P(A): 0.25
P(B): 0.5
P(C): 0.25

This distribution reflects a preference for Alternative B due to its higher[6D[K
higher effectiveness and significant cash incentive, with equal probabilit"
39,2,0.25,0.5,0.25,B,"Choice: B
P(A): 0.25
P(B): 0.5
P(C): 0.25

This distribution reflects a preference for Alternative B due to its higher[6D[K
higher effectiveness and walk-in availability, with some consideration giv"
39,3,0.25,0.5,0.25,B,"Choice: B
P(A): 0.25
P(B): 0.5
P(C): 0.25

This response assumes an equal likelihood of choosing between the three alt[3D[K
alternatives, as a balanced decision-making approach without specific pers"
39,4,0.25,0.5,0.25,B,"Choice: B
P(A): 0.25
P(B): 0.5
P(C): 0.25

This response reflects a balanced consideration of the factors involved, wi[2D[K
with a higher preference for Alternative B due to its high effectiveness a"
39,5,0.25,0.5,0.25,B,"Choice: B
P(A): 0.25
P(B): 0.5
P(C): 0.25

This response balances the high effectiveness of Alternative B with its oth[3D[K
other favorable attributes, while assigning probabilities based on a balan"
39,6,0.2,0.7,0.1,B,"Choice: B
P(A): 0.2
P(B): 0.7
P(C): 0.1

This response is based on a subjective evaluation considering vaccine effec[5D[K
effectiveness, side effects risk, and the cash incentive, with a preference"
39,7,0.25,0.5,0.25,B,"Choice: B
P(A): 0.25
P(B): 0.5
P(C): 0.25"
39,8,0.2,0.6,0.2,B,"Choice: B
P(A): 0.2
P(B): 0.6
P(C): 0.2

This response reflects a higher preference for Alternative B due to its hig[3D[K
high effectiveness and cash incentive, with lesser consideration given to t"
39,9,0.25,0.5,0.25,B,"Choice: B
P(A): 0.25
P(B): 0.5
P(C): 0.25

This distribution assumes an equal likelihood of choosing between the alter[5D[K
alternatives, given the provided information and assuming a balanced persp"
39,10,0.25,0.5,0.25,B,"Choice: B
P(A): 0.25
P(B): 0.5
P(C): 0.25

This response balances the high effectiveness and low side effects of Alter[5D[K
Alternative B while acknowledging the significant benefits of alternatives"
40,1,0.25,0.5,0.25,B,"Choice: B
P(A): 0.25
P(B): 0.5
P(C): 0.25

This response balances the factors such as waiting time, effectiveness, sid[3D[K
side effects, and incentives, while also considering the choice of not rec"
40,2,0.25,0.5,0.25,B,"Choice: B
P(A): 0.25
P(B): 0.5
P(C): 0.25

This distribution reflects a balanced consideration of the waiting time, si[2D[K
side effects, and effectiveness while acknowledging the cash incentive and"
40,3,0.25,0.5,0.25,B,"Choice: B
P(A): 0.25
P(B): 0.5
P(C): 0.25

This response is based on a balanced consideration of waiting time, side ef[2D[K
effects, and the marginal benefit from the cash incentive, while also taki"
40,4,0.3,0.6,0.1,B,"Choice: B
P(A): 0.3
P(B): 0.6
P(C): 0.1

This response balances the factors of waiting time, side effects, and cash [K
incentive, with a slight preference for alternative B due to its lower risk[4D"
40,5,0.25,0.5,0.25,B,"Choice: B
P(A): 0.25
P(B): 0.5
P(C): 0.25

This distribution is based on a subjective evaluation considering the trade[5D[K
trade-offs between waiting time, vaccine effectiveness, side effects risk,"
40,6,0.35,0.6,0.05,B,"Choice: B
P(A): 0.35
P(B): 0.6
P(C): 0.05

This response is based on a subjective evaluation considering the waiting t[1D[K
time, risk of side effects, and the relatively minor difference in vaccine"
40,7,0.3,0.6,0.1,B,"Choice: B
P(A): 0.3
P(B): 0.6
P(C): 0.1

This response reflects a preference for Alternative B due to its lower risk[4D[K
risk of side effects, even though the waiting time is longer and the vaccin"
40,8,0.25,0.5,0.25,B,"Choice: B
P(A): 0.25
P(B): 0.5
P(C): 0.25

This response reflects a balanced consideration of the waiting time, effect[6D[K
effectiveness, side effects risk, and incentives for each alternative, wit"
40,9,0.35,0.6,0.05,B,"Choice: B
P(A): 0.35
P(B): 0.6
P(C): 0.05

This response is based on a subjective evaluation of the alternatives, cons[4D[K
considering factors such as waiting time, vaccine effectiveness, risk of s"
40,10,0.25,0.5,0.25,B,"Choice: B
P(A): 0.25
P(B): 0.5
P(C): 0.25

This distribution reflects a balanced preference, considering the trade-off[9D[K
trade-offs between waiting time, vaccine effectiveness, side effects risk,"
41,1,0.3,0.5,0.2,B,"Choice: B
P(A): 0.3
P(B): 0.5
P(C): 0.2

Explanation: Considering the factors, Alternative B seems to offer a reason[6D[K
reasonable balance between risk and reward. While the vaccine effectiveness"
41,2,0.25,0.5,0.25,B,"Choice: B
P(A): 0.25
P(B): 0.5
P(C): 0.25

This response is based on a balanced consideration of the factors provided,[9D[K
provided, with a slight preference for alternatives that have lower risks "
41,3,0.3,0.4,0.3,B,"Choice: B
P(A): 0.3
P(B): 0.4
P(C): 0.3

This distribution reflects a preference for Alternative B due to the higher[6D[K
higher risk of side effects in Alternative A, while still considering the d"
41,4,0.3,0.5,0.2,B,"Choice: B
P(A): 0.3
P(B): 0.5
P(C): 0.2

This distribution reflects a preference for Alternative B, considering the [K
slightly lower risk of side effects compared to Alternative A while maintai[7D"
41,5,0.35,0.6,0.05,B,"Choice: B
P(A): 0.35
P(B): 0.6
P(C): 0.05

Explanation: Alternative B is chosen because it offers a higher risk tolera[6D[K
tolerance in terms of side effects compared to A, despite the slightly low"
41,6,0.25,0.5,0.25,B,"Choice: B
P(A): 0.25
P(B): 0.5
P(C): 0.25

This distribution reflects a balanced choice, considering the higher risk o[1D[K
of side effects in Alternative B but also taking into account the domestic"
41,7,0.3,0.5,0.2,B,"Choice: B
P(A): 0.3
P(B): 0.5
P(C): 0.2

Note that these probabilities are based on a subjective evaluation of the a[1D[K
alternatives, considering factors such as vaccine effectiveness, side effec"
41,8,0.3,0.5,0.2,B,"Choice: B
P(A): 0.3
P(B): 0.5
P(C): 0.2

This response reflects a balanced consideration of the factors provided, wi[2D[K
with a slightly higher preference for Alternative B due to its domestic ori"
41,9,0.3,0.45,0.25,B,"Choice: B
P(A): 0.3
P(B): 0.45
P(C): 0.25

Explanation:
- Alternative A offers a lower risk of side effects compared to Alternative[11D[K
Alternative B, but the domestic origin might be a concern fo"
41,10,0.3,0.5,0.2,B,"Choice: B
P(A): 0.3
P(B): 0.5
P(C): 0.2

This response balances the considerations of vaccine effectiveness, side ef[2D[K
effects, and cash incentives while accounting for personal risk perception "
42,1,0.25,0.5,0.25,B,"Choice: B
P(A): 0.25
P(B): 0.5
P(C): 0.25

This distribution reflects a balanced choice where the higher cash incentiv[8D[K
incentive of Alternative B is considered, but there's also an equal chance"
42,2,0.35,0.55,0.1,B,"Choice: B
P(A): 0.35
P(B): 0.55
P(C): 0.10

This response is based on a subjective evaluation considering the benefits [K
and risks of each option, with a higher value placed on the significant cas["
42,3,0.35,0.55,0.1,B,"Choice: B
P(A): 0.35
P(B): 0.55
P(C): 0.10

This response assumes a preference for the higher cash incentive while stil[4D[K
still considering the domestic origin of the vaccine as a positive factor"
42,4,0.25,0.5,0.25,B,"Choice: B
P(A): 0.25
P(B): 0.5
P(C): 0.25

This response reflects a balanced choice, considering the higher cash incen[5D[K
incentive in Alternative B while still valuing domestically produced vacci"
42,5,0.25,0.5,0.25,B,"Choice: B
P(A): 0.25
P(B): 0.5
P(C): 0.25

This response assumes an equal likelihood of choosing alternatives A and B,[2D[K
B, as they are very similar in terms of vaccine effectiveness and risk of "
42,6,0.35,0.55,0.1,B,"Choice: B
P(A): 0.35
P(B): 0.55
P(C): 0.10

This response balances the high effectiveness, low side effect risk, and si[2D[K
significant cash incentive of Alternative B with the non-option of not re"
42,7,0.25,0.5,0.25,B,"Choice: B
P(A): 0.25
P(B): 0.5
P(C): 0.25

This response assumes an equal likelihood of choosing alternatives A and B,[2D[K
B, with a slightly lower preference for C due to the significant cash ince"
42,8,0.25,0.5,0.25,B,"Choice: B
P(A): 0.25
P(B): 0.5
P(C): 0.25

This distribution assumes an equal likelihood of choosing between the two w[1D[K
walk-in, high effectiveness, and low side effect alternatives, with a smal"
42,9,0.25,0.5,0.25,B,"Choice: B
P(A): 0.25
P(B): 0.5
P(C): 0.25

This response is based on the assumption that the primary factor in choosin[7D[K
choosing a vaccine should be its effectiveness and safety, which are ident"
42,10,0.25,0.5,0.25,B,"Choice: B
P(A): 0.25
P(B): 0.5
P(C): 0.25

This distribution reflects a moderate preference for Alternative B due to t[1D[K
the significantly higher cash incentive, with equal probabilities assigned"
