task_num,rep,raw_response,success,error
1,1,"Choice: A
P(A): 0.6
P(B): 0.2
P(C): 0.2",True,
1,2,"Choice: A
P(A): 0.5
P(B): 0.3
P(C): 0.2",True,
1,3,"Choice: A
P(A): 0.6
P(B): 0.2
P(C): 0.2",True,
1,4,"Choice: A
P(A): 0.6
P(B): 0.3
P(C): 0.1",True,
1,5,"Choice: A
P(A): 0.6
P(B): 0.2
P(C): 0.2",True,
1,6,"Choice: A
P(A): 0.6
P(B): 0.3
P(C): 0.1",True,
1,7,"Choice: A
P(A): 0.6
P(B): 0.3
P(C): 0.1",True,
1,8,"Choice: A
P(A): 0.6
P(B): 0.3
P(C): 0.1",True,
1,9,"Choice: A
P(A): 0.5
P(B): 0.3
P(C): 0.2",True,
1,10,"Choice: A
P(A): 0.6
P(B): 0.3
P(C): 0.1",True,
2,1,"Choice: A
P(A): 0.6
P(B): 0.3
P(C): 0.1",True,
2,2,"Choice: A
P(A): 0.6
P(B): 0.3
P(C): 0.1",True,
2,3,"Choice: A
P(A): 0.6
P(B): 0.3
P(C): 0.1",True,
2,4,"Choice: A
P(A): 0.6
P(B): 0.3
P(C): 0.1",True,
2,5,"Choice: A
P(A): 0.5
P(B): 0.3
P(C): 0.2",True,
2,6,"Choice: A
P(A): 0.5
P(B): 0.3
P(C): 0.2",True,
2,7,"Choice: A
P(A): 0.6
P(B): 0.3
P(C): 0.1",True,
2,8,"Choice: A
P(A): 0.6
P(B): 0.3
P(C): 0.1",True,
2,9,"Choice: A
P(A): 0.6
P(B): 0.3
P(C): 0.1",True,
2,10,"Choice: A
P(A): 0.6
P(B): 0.3
P(C): 0.1",True,
3,1,"Choice: B
P(A): 0.1
P(B): 0.8
P(C): 0.1",True,
3,2,"Choice: B
P(A): 0.2
P(B): 0.7
P(C): 0.1",True,
3,3,"Choice: B
P(A): 0.2
P(B): 0.7
P(C): 0.1",True,
3,4,"Choice: B
P(A): 0.2
P(B): 0.7
P(C): 0.1",True,
3,5,"Choice: B
P(A): 0.2
P(B): 0.7
P(C): 0.1",True,
3,6,"Choice: B
P(A): 0.2
P(B): 0.7
P(C): 0.1",True,
3,7,"Choice: B
P(A): 0.2
P(B): 0.6
P(C): 0.2",True,
3,8,"Choice: B
P(A): 0.2
P(B): 0.7
P(C): 0.1",True,
3,9,"Choice: B
P(A): 0.2
P(B): 0.7
P(C): 0.1",True,
3,10,"Choice: B
P(A): 0.2
P(B): 0.7
P(C): 0.1",True,
4,1,"Choice: A
P(A): 0.6
P(B): 0.3
P(C): 0.1",True,
4,2,"Choice: A
P(A): 0.7
P(B): 0.2
P(C): 0.1",True,
4,3,"Choice: A
P(A): 0.7
P(B): 0.2
P(C): 0.1",True,
4,4,"Choice: A
P(A): 0.6
P(B): 0.2
P(C): 0.2",True,
4,5,"Choice: A
P(A): 0.7
P(B): 0.2
P(C): 0.1",True,
4,6,"Choice: A
P(A): 0.6
P(B): 0.3
P(C): 0.1",True,
4,7,"Choice: A
P(A): 0.6
P(B): 0.3
P(C): 0.1",True,
4,8,"Choice: A
P(A): 0.7
P(B): 0.2
P(C): 0.1",True,
4,9,"Choice: A
P(A): 0.7
P(B): 0.2
P(C): 0.1",True,
4,10,"Choice: A
P(A): 0.7
P(B): 0.2
P(C): 0.1",True,
5,1,"Choice: B
P(A): 0.2
P(B): 0.6
P(C): 0.2",True,
5,2,"Choice: B
P(A): 0.2
P(B): 0.6
P(C): 0.2",True,
5,3,"Choice: B
P(A): 0.2
P(B): 0.7
P(C): 0.1",True,
5,4,"Choice: B
P(A): 0.2
P(B): 0.6
P(C): 0.2",True,
5,5,"Choice: B
P(A): 0.2
P(B): 0.7
P(C): 0.1",True,
5,6,"Choice: B
P(A): 0.2
P(B): 0.6
P(C): 0.2",True,
5,7,"Choice: B
P(A): 0.2
P(B): 0.6
P(C): 0.2",True,
5,8,"Choice: B
P(A): 0.2
P(B): 0.6
P(C): 0.2",True,
5,9,"Choice: B
P(A): 0.2
P(B): 0.6
P(C): 0.2",True,
5,10,"Choice: B
P(A): 0.2
P(B): 0.6
P(C): 0.2",True,
6,1,"Choice: A
P(A): 0.7
P(B): 0.2
P(C): 0.1",True,
6,2,"Choice: A
P(A): 0.7
P(B): 0.2
P(C): 0.1",True,
6,3,"Choice: A
P(A): 0.7
P(B): 0.2
P(C): 0.1",True,
6,4,"Choice: A
P(A): 0.7
P(B): 0.2
P(C): 0.1",True,
6,5,"Choice: A
P(A): 0.7
P(B): 0.2
P(C): 0.1",True,
6,6,"Choice: A
P(A): 0.7
P(B): 0.2
P(C): 0.1",True,
6,7,"Choice: A
P(A): 0.7
P(B): 0.2
P(C): 0.1",True,
6,8,"Choice: A
P(A): 0.7
P(B): 0.2
P(C): 0.1",True,
6,9,"Choice: A
P(A): 0.7
P(B): 0.2
P(C): 0.1",True,
6,10,"Choice: A
P(A): 0.7
P(B): 0.2
P(C): 0.1",True,
