task_num,rep,model,timestamp,raw_response,success
1,1,qwen2.5:72b,2026-09-10T23:20:55.962996,"To estimate the probability that a person would choose each alternative, we need to consider the trade-offs between waiting time, vaccine effectiveness, risk of side effects, cash incentive, and vaccine origin. Here’s a reasoned approach:

- **Alternative A** offers a higher effectiveness (70%) but has a longer waiting time (6 months) and a moderate risk of side effects (10%). The cash incentive is relatively low (50 RMB), and the vaccine is imported.
- **Alternative B** provides a shorter waiting time (2 months) and a very low risk of side effects (1%), with a high cash incentive (800 RMB). However, it has lower effectiveness (50%) and the vaccine is domestic.
- **Alternative C** involves opting out, which avoids all risks but also means no protection or incentives.

Given these factors, we can estimate the probabilities as follows:

- **P(A)**: The higher effectiveness and moderate side effects might attract some individuals who prioritize long-term protection. However, the long waiting time and lower cash incentive could deter others.
- **P(B)**: The short waiting time, low risk of side effects, and high cash incentive make this option attractive for those who value immediate benefits and are less concerned about effectiveness.
- **P(C)**: Opting out might be chosen by individuals who are risk-averse or skeptical about vaccines in general.

Based on these considerations:

P(A): 0.3
P(B): 0.5
P(C): 0.2

These probabilities sum up to 1, reflecting a reasonable distribution based on the given attributes.",SUCCESS
1,2,qwen2.5:72b,2026-09-10T23:21:51.951803,"P(A): 0.3
P(B): 0.5
P(C): 0.2

These probabilities reflect a general estimation based on the provided attributes, considering that Alternative B offers a significant cash incentive and shorter waiting time, which might be more appealing to many individuals. However, some may prefer the higher effectiveness of Alternative A or choose not to vaccinate at all (Alternative C).",SUCCESS
1,3,qwen2.5:72b,2026-09-10T23:22:00.677350,"To estimate the probabilities, we need to consider the trade-offs between waiting time, effectiveness, side effects, cash incentives, and vaccine origin. Here's a reasoned approach:

- **Alternative A**: Offers a moderate wait time, decent effectiveness, higher risk of side effects, a small cash incentive, and an imported vaccine. The combination of moderate effectiveness and longer wait might be less appealing.
- **Alternative B**: Provides the shortest wait time, lower effectiveness, very low risk of side effects, a significant cash incentive, and a domestic vaccine. The high cash incentive and short wait time are strong positive factors.
- **Alternative C**: Opting out avoids all risks but also forgoes the benefits of vaccination and any incentives.

Given these considerations:

P(A): 0.3
P(B): 0.5
P(C): 0.2

These probabilities sum to 1, reflecting a balanced consideration of the attributes provided.",SUCCESS
1,4,qwen2.5:72b,2026-09-10T23:22:20.545193,"To estimate the probability of choosing each alternative, we need to consider the trade-offs between waiting time, vaccine effectiveness, risk of side effects, cash incentive, and vaccine origin. Here’s a reasonable distribution based on these factors:

- Alternative A offers moderate effectiveness with a relatively long wait but has a low risk of side effects and an imported vaccine, which some might prefer for quality.
- Alternative B provides the shortest waiting time and a significant cash incentive, though it is less effective and has domestic origin.
- Opting out (Alternative C) avoids all risks and benefits associated with vaccination.

Given these considerations:

P(A): 0.3
P(B): 0.5
P(C): 0.2

These probabilities sum to 1, reflecting a distribution that accounts for the various factors influencing the decision.",SUCCESS
1,5,qwen2.5:72b,2026-09-10T23:22:37.900168,"P(A): 0.3
P(B): 0.5
P(C): 0.2

This distribution assumes that the person values a quicker vaccination option with a higher cash incentive (Alternative B) but also considers the effectiveness and side effects of the vaccine, leading to a significant consideration for Alternative A as well. Opting out (Alternative C) is considered the least likely choice given the incentives and health benefits associated with vaccination.",SUCCESS
1,6,qwen2.5:72b,2026-09-10T23:22:47.454785,"P(A): 0.3
P(B): 0.5
P(C): 0.2

These probabilities reflect a general estimation based on the attributes provided, considering factors such as waiting time, effectiveness, side effects, cash incentive, and vaccine origin. The higher cash incentive and shorter waiting time of Alternative B make it more likely to be chosen, while the option to opt out (Alternative C) is less likely but still considered by some individuals.",SUCCESS
1,7,qwen2.5:72b,2026-09-10T23:22:57.414766,"To estimate the probability of choosing each alternative, we need to consider the trade-offs between waiting time, vaccine effectiveness, risk of side effects, cash incentive, and vaccine origin. Here's a reasoned approach:

- **Alternative A**: This option has a long waiting time but offers moderate effectiveness with a relatively low risk of side effects. The modest cash incentive might not be as significant as the other factors. However, the imported nature of the vaccine could be seen as more reliable by some.
- **Alternative B**: This option has a shorter waiting time and a high cash incentive, which are strong positive attributes. However, it offers lower effectiveness and is domestically produced, which might be less preferred by those who value imported vaccines. The low risk of side effects is a significant positive factor.
- **Alternative C**: Opting out avoids all risks but also provides no benefits from the vaccine. This option might be chosen by individuals who are very risk-averse or skeptical about vaccines in general.

Given these considerations, here's an estimated probability distribution:

P(A): 0.3
P(B): 0.5
P(C): 0.2

These probabilities sum to 1 and reflect the balance of factors that might influence a person's decision.",SUCCESS
1,8,qwen2.5:72b,2026-09-10T23:23:23.743523,"To estimate the probabilities, we need to consider the trade-offs each alternative presents in terms of waiting time, effectiveness, side effects, cash incentive, and vaccine origin. Here's a plausible distribution based on these factors:

- **Alternative A** has a moderate waiting time, good effectiveness, higher risk of side effects, a small cash incentive, and is imported.
- **Alternative B** has a short waiting time, lower effectiveness, very low risk of side effects, a large cash incentive, and is domestic.
- **Alternative C** involves no vaccination, which might be chosen by those who are risk-averse or skeptical about vaccines.

Given these considerations:

P(A): 0.3
P(B): 0.5
P(C): 0.2

This distribution reflects that a significant portion of people might prefer the shorter waiting time and larger cash incentive of Alternative B, while some may opt for the higher effectiveness of Alternative A despite the longer wait. A smaller portion might choose to opt out entirely due to various personal or health concerns.",SUCCESS
1,9,qwen2.5:72b,2026-09-10T23:23:45.902171,"To estimate the probabilities of choosing each alternative, we need to consider the trade-offs between waiting time, vaccine effectiveness, risk of side effects, cash incentives, and personal preferences regarding vaccine origin. Here’s a plausible distribution based on these factors:

- **Alternative A** offers a moderately effective imported vaccine with a significant waiting period but a low cash incentive. The longer wait might deter some people, but the higher effectiveness and imported origin could be appealing to others.
- **Alternative B** provides a less effective domestic vaccine with a shorter waiting time, lower risk of side effects, and a high cash incentive. This combination is likely to be very attractive for those who value immediate availability and financial incentives.
- **Alternative C** (opting out) might be chosen by individuals who are hesitant about vaccination due to concerns over effectiveness or side effects, or those who prefer natural immunity.

Given these considerations:

P(A): 0.3
P(B): 0.5
P(C): 0.2

This distribution reflects a higher likelihood of choosing the domestically produced vaccine (B) due to its immediate availability and high incentive, followed by the imported vaccine (A) for those willing to wait for better effectiveness, and finally opting out (C) for those who are vaccine-hesitant.",SUCCESS
1,10,qwen2.5:72b,2026-09-10T23:24:13.093190,"To estimate the probabilities, we need to consider the trade-offs each alternative presents in terms of waiting time, effectiveness, side effects, cash incentive, and vaccine origin. Here's a reasoned approach:

- **Alternative A** offers a higher effectiveness (70%) but has a longer waiting time (6 months) and a moderate risk of side effects (10%). The cash incentive is relatively low (50 RMB), and the vaccine is imported.
- **Alternative B** provides a shorter waiting time (2 months), lower risk of side effects (1%), and a higher cash incentive (800 RMB). However, it has a lower effectiveness (50%) and is domestically produced.
- **Alternative C** involves no vaccination, which might be chosen by individuals who are very risk-averse or skeptical about vaccines.

Given these factors, let's estimate the probabilities:

1. **Effectiveness**: Higher effectiveness in A (70% vs 50%) would likely make it more attractive to those prioritizing protection.
2. **Waiting Time**: Shorter waiting time in B (2 months) could be a significant factor for many people.
3. **Side Effects**: Lower risk of side effects in B (1% vs 10%) might be very appealing.
4. **Cash Incentive**: Higher cash incentive in B (800 RMB) is a strong motivator.
5. **Vaccine Origin**: Imported vaccines (A) might be perceived as more reliable by some, but domestic vaccines (B) might be preferred for national pride or trust in local health systems.

Considering these factors, we can estimate the probabilities as follows:

- **P(A)**: 0.3
- **P(B)**: 0.5
- **P(C)**: 0.2

These estimates reflect a balance between the various attributes and their likely impact on decision-making. The total probability sums to 1, ensuring all possibilities are covered.

P(A): 0.3
P(B): 0.5
P(C): 0.2",SUCCESS
2,1,qwen2.5:72b,2026-09-10T23:24:57.456244,"To estimate the probabilities, we need to consider the trade-offs each alternative presents in terms of waiting time, vaccine effectiveness, risk of side effects, cash incentive, and origin. Here's a reasoned approach:

- **Alternative A** offers immediate vaccination with moderate effectiveness and a low risk of side effects, along with a small cash incentive. The immediacy could be attractive to those who want protection as soon as possible.
- **Alternative B** requires a longer wait but provides better vaccine effectiveness and a much lower risk of side effects, along with a higher cash incentive. This might appeal to those willing to wait for a more effective option.
- **Alternative C** involves opting out of vaccination, which might be chosen by individuals who are not concerned about the disease or have strong reservations about vaccines.

Given these factors, let's assign probabilities:

P(A): 0.3
P(B): 0.5
P(C): 0.2

These probabilities reflect a scenario where:
- A significant portion of people might prefer the more effective and safer option with a higher incentive (B), even if it requires waiting.
- A smaller but still substantial group might opt for immediate protection despite lower effectiveness (A).
- A minority might choose to avoid vaccination altogether (C).",SUCCESS
2,2,qwen2.5:72b,2026-09-10T23:25:26.318165,"P(A): 0.3
P(B): 0.6
P(C): 0.1

These probabilities reflect a scenario where the majority might prefer Alternative B due to its higher effectiveness and significant cash incentive, despite the waiting time. A smaller portion might opt for the immediate availability of Alternative A or choose not to be vaccinated at all with Alternative C.",SUCCESS
2,3,qwen2.5:72b,2026-09-10T23:25:34.290895,"P(A): 0.3
P(B): 0.5
P(C): 0.2

These probabilities reflect a general estimation considering the trade-offs between immediate availability, effectiveness, side effects, financial incentives, and personal risk tolerance. Alternative B is favored due to higher effectiveness and lower side effect risk despite the waiting period, followed by Alternative A for its immediacy and smaller incentive, with opting out being the least likely choice.",SUCCESS
2,4,qwen2.5:72b,2026-09-10T23:25:43.831772,"P(A): 0.3
P(B): 0.5
P(C): 0.2

This distribution reflects a scenario where the immediate availability and cash incentive of Alternative A make it somewhat attractive, but the higher effectiveness and significant cash incentive of Alternative B are more compelling to most people, while a smaller portion opts out entirely.",SUCCESS
2,5,qwen2.5:72b,2026-09-10T23:25:51.293450,"P(A): 0.4
P(B): 0.5
P(C): 0.1

These probabilities reflect a scenario where the immediate availability and cash incentive of Alternative A make it quite attractive, but the higher effectiveness and significant cash incentive of Alternative B make it even more appealing to those willing to wait. Opting out (Alternative C) is considered the least likely choice given the benefits of the other options.",SUCCESS
2,6,qwen2.5:72b,2026-09-10T23:26:00.523149,"To estimate the probabilities, we need to consider the trade-offs each alternative presents in terms of waiting time, vaccine effectiveness, risk of side effects, cash incentive, and personal health preferences. Here’s a plausible distribution based on these factors:

P(A): 0.4
P(B): 0.5
P(C): 0.1

This distribution assumes that the immediate availability and cash incentive of Alternative A are attractive to some, while others might prefer the higher effectiveness and lower side effects of Alternative B, despite the waiting time. A smaller proportion might opt out due to personal beliefs or health concerns.",SUCCESS
2,7,qwen2.5:72b,2026-09-10T23:26:13.506760,"P(A): 0.3
P(B): 0.5
P(C): 0.2

This distribution reflects a scenario where the immediate availability and cash incentive of Alternative A make it somewhat attractive, but the higher effectiveness and lower risk of side effects in Alternative B, combined with a larger cash incentive, make it more appealing overall. Opting out (Alternative C) is considered least likely given the incentives provided by the other two options.",SUCCESS
2,8,qwen2.5:72b,2026-09-10T23:26:23.251441,"To estimate the probabilities of choosing each alternative, we need to consider the trade-offs between waiting time, vaccine effectiveness, risk of side effects, cash incentives, and personal preferences for vaccination.

Given the attributes:

- **Alternative A** offers immediate availability, moderate effectiveness, a low but non-negligible risk of side effects, and a small cash incentive.
- **Alternative B** requires a longer wait but provides higher effectiveness, a very low risk of side effects, and a significant cash incentive.
- **Alternative C** involves opting out, which means no waiting time, no effectiveness, no risk of side effects, and no cash incentive.

We can make some reasonable assumptions about how these factors might influence a person's decision:

1. **Immediate availability (A)** might be attractive to those who want protection as soon as possible.
2. **Higher effectiveness (B)** is likely to be more appealing to those who value the long-term benefits of vaccination.
3. **Lower risk of side effects (B)** could be important for individuals who are particularly concerned about safety.
4. **Cash incentives** can influence decisions, especially if they are significant (as in B).
5. **Opting out (C)** might be chosen by those who are skeptical about vaccines or prefer to avoid the hassle.

Based on these considerations, let's estimate the probabilities:

- **P(A): 0.3** - Some people will value immediate availability and the small cash incentive, despite lower effectiveness.
- **P(B): 0.5** - The combination of higher effectiveness, very low risk of side effects, and a significant cash incentive is likely to be attractive to many.
- **P(C): 0.2** - A portion of people might opt out due to skepticism or other personal reasons.

Thus, the probabilities are:

P(A): 0.3
P(B): 0.5
P(C): 0.2

These probabilities sum up to 1, as required.",SUCCESS
2,9,qwen2.5:72b,2026-09-10T23:27:05.430394,"To estimate the probabilities, we need to consider how different factors might influence a person's decision. Here’s a breakdown of the key considerations:

- **Waiting Time**: Immediate availability (Alternative A) is likely more attractive than waiting for 3 months (Alternative B).
- **Vaccine Effectiveness**: Higher effectiveness (70% in Alternative B vs. 50% in Alternative A) is generally preferred.
- **Risk of Side Effects**: Lower risk (0.1% in Alternative B vs. 1% in Alternative A) is more appealing.
- **Cash Incentive**: A higher cash incentive (200 RMB in Alternative B vs. 50 RMB in Alternative A) could be a significant motivator.
- **Vaccine Origin**: Both vaccines are domestic, so this factor might not significantly influence the decision.

Given these factors, we can estimate the probabilities as follows:

- **Alternative A**: The immediate availability and lower side effect risk compared to no vaccine (C) make it somewhat attractive, but the lower effectiveness and smaller cash incentive might reduce its appeal.
- **Alternative B**: The higher effectiveness and larger cash incentive are strong motivators, despite the waiting time. The low side effect risk also makes it appealing.
- **Alternative C**: Opting out is less likely given the immediate availability of a vaccine (A) and the significant benefits of Alternative B.

Let's assign probabilities based on these considerations:

P(A): 0.3
P(B): 0.5
P(C): 0.2

These probabilities sum up to 1, reflecting the different weights of each factor in the decision-making process.",SUCCESS
2,10,qwen2.5:72b,2026-09-10T23:27:40.710641,"P(A): 0.3
P(B): 0.5
P(C): 0.2

These probabilities reflect a general estimation considering the trade-offs between waiting time, vaccine effectiveness, risk of side effects, cash incentives, and personal preferences for vaccination. The higher effectiveness and lower side effect rate in Alternative B, combined with a significant cash incentive, make it the most likely choice. However, the immediate availability and cash incentive of Alternative A still attract some individuals, while a smaller portion might opt out entirely.",SUCCESS
