task_num,repetition,raw_response,status,timestamp
1,1,"P(A): 0.4
P(B): 0.35
P(C): 0.25

These probabilities are estimated based on a consideration of the attribute[9D[K
attributes provided for each alternative. Alternative A is favored due to i[1D[K
its higher cash incentive and shorter waiting time, despite lower vaccine e[1D[K
effectiveness and a moderate risk of side effects. Alternative B offers bet[3D[K
better vaccine effectiveness but has a longer waiting time and a significan[10D[K
significantly lower cash incentive, making it less attractive. Opting out ([1D[K
(Alternative C) is considered the least likely choice, as it involves forgo[5D[K
forgoing both the health benefits and financial incentives associated with [K
vaccination.",success,2026-09-10T01:54:38.141987
1,2,"To estimate the probabilities of choosing each alternative, we need to cons[4D[K
consider the trade-offs between the attributes (waiting time, vaccine effec[5D[K
effectiveness, risk of side effects, cash incentive, and vaccine origin). H[1D[K
Here’s a breakdown:

- **Alternative A** offers a shorter waiting time and a significant cash in[2D[K
incentive but has lower effectiveness and a higher risk of side effects com[3D[K
compared to Alternative B.
- **Alternative B** provides a more effective vaccine but with a longer wai[3D[K
wait and less financial incentive. It also has a higher risk of side effect[6D[K
effects.
- **Alternative C** (opting out) involves no waiting time, no side effects,[8D[K
effects, no cost, but also no protection.

Given these considerations, we can make some reasonable assumptions about h[1D[K
how people might weigh these factors:

1. **Shorter Waiting Time**: People generally prefer shorter waiting times,[6D[K
times, which could favor Alternative A.
2. **Vaccine Effectiveness**: Higher effectiveness is a strong positive fac[3D[K
factor, favoring Alternative B.
3. **Risk of Side Effects**: Lower risk of side effects is preferred, but t[1D[K
this might be balanced against the other factors.
4. **Cash Incentive**: A significant financial incentive can be a strong mo[2D[K
motivator, especially for those who value immediate rewards, which could fa[2D[K
favor Alternative A.
5. **Vaccine Origin**: The origin (domestic vs. imported) might influence t[1D[K
trust and preference, but without specific cultural context, it's hard to q[1D[K
quantify its impact.

Based on these factors, here is an estimated probability distribution:

- **P(A): 0.4** - The combination of shorter waiting time and a significant[11D[K
significant cash incentive makes this option attractive, despite lower effe[4D[K
effectiveness and higher side effects.
- **P(B): 0.35** - Higher effectiveness and the imported origin might be ap[2D[K
appealing to those who prioritize long-term health benefits, even with long[4D[K
longer waiting times and some side effects.
- **P(C): 0.25** - Some individuals might opt out due to concerns about sid[3D[K
side effects or a preference for natural immunity, despite the lack of prot[4D[K
protection.

These probabilities ensure that P(A) + P(B) + P(C) = 1.",success,2026-09-10T01:55:23.256456
1,3,"P(A): 0.45
P(B): 0.35
P(C): 0.20

These probabilities are estimated based on the attributes provided for each[4D[K
each alternative, considering factors such as waiting time, vaccine effecti[7D[K
effectiveness, risk of side effects, cash incentive, and vaccine origin. Al[2D[K
Alternative A is likely more attractive due to its higher cash incentive an[2D[K
and shorter waiting time, despite lower effectiveness and a higher risk of [K
side effects compared to B. Alternative C (opting out) is given the lowest [K
probability, assuming most people would prefer some level of protection ove[3D[K
over no vaccination at all.",success,2026-09-10T01:55:36.139071
1,4,"P(A): 0.4
P(B): 0.35
P(C): 0.25

These probabilities are estimated based on the trade-offs between waiting t[1D[K
time, effectiveness, side effects, cash incentives, and vaccine origin. Alt[3D[K
Alternative A is attractive due to its higher cash incentive and shorter wa[2D[K
waiting time, despite lower effectiveness and a moderate risk of side effec[5D[K
effects. Alternative B offers better protection but with a longer wait and [K
less financial incentive, which might be less appealing. Opting out (Altern[7D[K
(Alternative C) represents the remaining probability for those who may not [K
find the benefits of vaccination sufficient given the risks and waiting tim[3D[K
times involved.",success,2026-09-10T01:55:49.747539
1,5,"To estimate the probability that a person would choose each alternative, we[2D[K
we need to consider the trade-offs between waiting time, vaccine effectiven[10D[K
effectiveness, risk of side effects, cash incentive, and vaccine origin. He[2D[K
Here’s a reasoned approach:

- **Alternative A**: This option offers a shorter waiting time, moderate ef[2D[K
effectiveness, a relatively high risk of side effects, and a substantial ca[2D[K
cash incentive. The domestic origin might be seen as more trustworthy by so[2D[K
some.
- **Alternative B**: This option has the longest waiting time but higher va[2D[K
vaccine effectiveness and a lower cash incentive. It also comes with a high[4D[K
higher risk of side effects and is imported, which could influence trust.
- **Alternative C**: Opting out means avoiding all risks associated with va[2D[K
vaccination but also missing out on any benefits or incentives.

Given these considerations:

- The shorter waiting time and significant cash incentive in Alternative A [K
are strong motivators. However, the moderate effectiveness and higher risk [K
of side effects might be deterrents for some.
- Alternative B’s longer waiting time is a significant drawback, but its hi[2D[K
higher effectiveness and imported origin (which may be perceived as more re[2D[K
reliable) could attract those who prioritize long-term health benefits over[4D[K
over immediate incentives.
- Opting out (Alternative C) might appeal to individuals who are risk-avers[10D[K
risk-averse or skeptical about vaccines.

Estimating the probabilities:

- **P(A)**: The combination of shorter waiting time and a large cash incent[6D[K
incentive makes this option very appealing, despite the moderate effectiven[10D[K
effectiveness and higher side effect risk. I would estimate this probabilit[10D[K
probability as 0.4.
- **P(B)**: The high vaccine effectiveness and imported origin are signific[8D[K
significant positives, but the long waiting time and lower cash incentive m[1D[K
might reduce its appeal. I would estimate this probability as 0.35.
- **P(C)**: Opting out is a viable choice for those who are risk-averse or [K
skeptical, especially given the side effect risks in both A and B. I would [K
estimate this probability as 0.25.

Thus:

P(A): 0.4
P(B): 0.35
P(C): 0.25

These probabilities sum to 1, reflecting a complete distribution of choices[7D[K
choices.",success,2026-09-10T01:56:35.575290
1,6,"P(A): 0.4
P(B): 0.35
P(C): 0.25

These probabilities reflect a scenario where the shorter waiting time and h[1D[K
higher cash incentive of Alternative A make it more attractive, despite low[3D[K
lower effectiveness and a moderate risk of side effects. Alternative B is l[1D[K
less favored due to its longer waiting time and lower cash incentive, even [K
though it offers better effectiveness. Opting out (Alternative C) is consid[6D[K
considered least likely, but still holds some appeal for those who are risk[4D[K
risk-averse or skeptical about vaccination.",success,2026-09-10T01:56:47.417298
1,7,"P(A): 0.45
P(B): 0.35
P(C): 0.20

These probabilities are estimated based on a general consideration of the a[1D[K
attributes provided for each alternative, such as the balance between waiti[5D[K
waiting time, effectiveness, side effects, and cash incentives, along with [K
the option to opt out.",success,2026-09-10T01:56:54.846781
1,8,"P(A): 0.4
P(B): 0.3
P(C): 0.3

This estimation is based on a balance of the factors provided, assuming tha[3D[K
that the person values vaccine effectiveness and cash incentives but also c[1D[K
considers waiting time and risk of side effects. The probabilities are dist[4D[K
distributed to reflect a scenario where none of the options clearly dominat[7D[K
dominate, leading to a relatively even distribution of choices among the th[2D[K
three alternatives.",success,2026-09-10T01:57:04.050952
1,9,"To estimate the probability of choosing each alternative, we need to consid[6D[K
consider the trade-offs between waiting time, vaccine effectiveness, risk o[1D[K
of side effects, cash incentive, and origin. Here's a reasoned approach:

- **Alternative A** has a relatively short waiting time (2 months) and offe[4D[K
offers a significant cash incentive (800 RMB). However, it has moderate eff[3D[K
effectiveness (50%) and a higher risk of side effects (20%). The domestic o[1D[K
origin might be seen as more trustworthy by some individuals.
  
- **Alternative B** has a longer waiting time (6 months), but offers better[6D[K
better vaccine effectiveness (70%) and a lower cash incentive (50 RMB). It [K
also has a higher risk of side effects (30%), which could be a deterrent. T[1D[K
The imported origin might be seen as more advanced or reliable by some indi[4D[K
individuals.

- **Alternative C** involves not receiving the vaccine at all, which avoids[6D[K
avoids any risks but also offers no protection and no cash incentive. This [K
choice might appeal to those who are highly risk-averse or skeptical of vac[3D[K
vaccines.

Given these considerations, we can estimate the probabilities as follows:

P(A): 0.4
P(B): 0.35
P(C): 0.25

These probabilities reflect a higher likelihood of choosing Alternative A d[1D[K
due to its shorter waiting time and significant cash incentive, followed by[2D[K
by Alternative B for those who prioritize effectiveness, and a lower but st[2D[K
still notable probability of opting out (Alternative C) for those who are r[1D[K
risk-averse or skeptical.",success,2026-09-10T01:57:36.511439
1,10,"P(A): 0.4
P(B): 0.3
P(C): 0.3

This distribution assumes that the person values a shorter waiting time and[3D[K
and a higher cash incentive, but also considers vaccine effectiveness and r[1D[K
risk of side effects. Opting out is considered as a balanced choice for tho[3D[K
those who are uncertain about the benefits versus risks of vaccination.",success,2026-09-10T01:57:44.461922
2,1,"P(A): 0.4
P(B): 0.3
P(C): 0.3

These probabilities reflect a balanced consideration of the attributes prov[4D[K
provided for each alternative, such as waiting time, effectiveness, side ef[2D[K
effects, cash incentive, and vaccine origin. The decision to opt out (Alter[6D[K
(Alternative C) is given equal weight due to the potential concerns about s[1D[K
side effects and effectiveness present in both A and B, despite the financi[7D[K
financial incentives and varying wait times.",success,2026-09-10T01:57:56.984854
2,2,"P(A): 0.4
P(B): 0.35
P(C): 0.25

These probabilities are estimated based on a consideration of the trade-off[9D[K
trade-offs between waiting time, vaccine effectiveness, risk of side effect[6D[K
effects, cash incentives, and personal preferences for avoiding vaccination[11D[K
vaccination altogether. Alternative A is favored due to its higher effectiv[8D[K
effectiveness and cash incentive, despite the longer wait. Alternative B is[2D[K
is less attractive due to lower effectiveness but might be chosen by those [K
who want immediate protection. Opting out (Alternative C) is considered by [K
some who may be risk-averse or skeptical about vaccines.",success,2026-09-10T01:58:09.857106
2,3,"P(A): 0.4
P(B): 0.35
P(C): 0.25

These probabilities reflect a balanced consideration of the factors provide[7D[K
provided, such as waiting time, vaccine effectiveness, risk of side effects[7D[K
effects, cash incentive, and origin. Alternative A is favored due to its hi[2D[K
higher effectiveness and significant cash incentive, despite the longer wai[3D[K
waiting time. Alternative B offers immediate vaccination but with lower eff[3D[K
effectiveness and a smaller incentive, making it less appealing than A but [K
still preferable to some who might want to avoid waiting. Opting out (Alter[6D[K
(Alternative C) is least likely given the incentives and benefits of the va[2D[K
vaccines, but some individuals may prefer this option due to personal belie[5D[K
beliefs or health concerns.",success,2026-09-10T01:58:24.910467
2,4,"P(A): 0.4
P(B): 0.3
P(C): 0.3

This distribution reflects a scenario where the decision is influenced by a[1D[K
a balance of waiting time, effectiveness, side effects, and cash incentives[10D[K
incentives. Alternative A offers a good trade-off between effectiveness and[3D[K
and incentive, despite the longer wait. Alternative B might be chosen for i[1D[K
its immediate availability, but with lower effectiveness and higher risk of[2D[K
of side effects. Opting out (Alternative C) represents a significant portio[6D[K
portion due to various personal or health considerations that may outweigh [K
the benefits of vaccination in this context.",success,2026-09-10T01:58:37.371398
2,5,"P(A): 0.4
P(B): 0.3
P(C): 0.3

These probabilities are estimated based on a balance of the factors provide[7D[K
provided, such as effectiveness, waiting time, side effects, and cash incen[5D[K
incentives. Each person's decision can vary greatly depending on their pers[4D[K
personal values and circumstances, but these estimates reflect a general li[2D[K
likelihood considering all given attributes.",success,2026-09-10T01:58:45.751863
2,6,"P(A): 0.4
P(B): 0.3
P(C): 0.3

This estimation assumes that the individual values effectiveness and waitin[6D[K
waiting time highly, considers the risk of side effects moderately, and vie[3D[K
views the cash incentive as a minor factor in their decision-making process[7D[K
process. The probabilities are distributed based on these considerations, w[1D[K
with Alternative A having a slight edge due to its higher effectiveness and[3D[K
and larger cash incentive, despite the longer wait.",success,2026-09-10T01:58:55.489495
2,7,"P(A): 0.45
P(B): 0.35
P(C): 0.20

These probabilities reflect a scenario where the individual might value the[3D[K
the higher effectiveness and cash incentive of Alternative A, despite the l[1D[K
longer waiting time. The immediate availability and still significant effec[5D[K
effectiveness of Alternative B also make it an attractive option for those [K
who might be more concerned about getting vaccinated quickly. Opting out (A[2D[K
(Alternative C) is considered least likely, as both vaccination options off[3D[K
offer some level of protection and incentives.",success,2026-09-10T01:59:06.699976
2,8,"P(A): 0.45
P(B): 0.35
P(C): 0.20

These probabilities are estimated based on the attributes provided for each[4D[K
each alternative, considering factors like waiting time, effectiveness, ris[3D[K
risk of side effects, cash incentive, and vaccine origin. Alternative A see[3D[K
seems to offer a balanced option with a reasonable wait and good effectiven[10D[K
effectiveness, which might appeal to many. Alternative B is less effective [K
but immediately available, which could be attractive to some individuals. O[1D[K
Opting out (Alternative C) represents the choice for those who may be more [K
risk-averse or skeptical about vaccination benefits.",success,2026-09-10T01:59:19.884300
2,9,"P(A): 0.4
P(B): 0.35
P(C): 0.25

These probabilities are estimated based on a consideration of the trade-off[9D[K
trade-offs between waiting time, vaccine effectiveness, side effects, cash [K
incentives, and the option to opt out entirely. The higher effectiveness an[2D[K
and cash incentive of Alternative A make it more attractive despite the lon[3D[K
longer wait time. Alternative B is less effective with higher side effects [K
but has no wait time and a small incentive, making it a moderate choice for[3D[K
for some. Opting out (Alternative C) is the least likely due to the benefit[7D[K
benefits of vaccination, although it still holds appeal for those who are r[1D[K
risk-averse or skeptical about vaccines.",success,2026-09-10T01:59:34.736597
2,10,"P(A): 0.4
P(B): 0.35
P(C): 0.25

These probabilities are estimated based on the trade-offs between waiting t[1D[K
time, effectiveness, risk of side effects, cash incentives, and personal pr[2D[K
preferences for vaccine origin. Alternative A offers a higher effectiveness[13D[K
effectiveness and a significant cash incentive but requires a longer wait. [K
Alternative B is immediately available with a lower effectiveness and a sma[3D[K
smaller incentive, which might be preferred by those who want to avoid the [K
waiting period. Opting out (Alternative C) represents a choice that might b[1D[K
be made by individuals who are risk-averse or skeptical about vaccines in g[1D[K
general.",success,2026-09-10T01:59:48.448714
3,1,"P(A): 0.2
P(B): 0.7
P(C): 0.1

This estimation is based on the attributes provided for each alternative, c[1D[K
considering factors such as effectiveness, risk of side effects, waiting ti[2D[K
time, and cash incentives. Alternative B seems to offer a strong combinatio[10D[K
combination of high effectiveness and lower risk of side effects, along wit[3D[K
with a significant cash incentive, which likely makes it the most attractiv[9D[K
attractive option for many people. Alternative A is less favorable due to i[1D[K
its longer waiting time and higher risk of side effects, despite the cash i[1D[K
incentive being lower than that of B. Opting out (Alternative C) is estimat[7D[K
estimated to be the least likely choice, given the availability of effectiv[8D[K
effective vaccines with incentives.",success,2026-09-10T02:00:05.996512
3,2,"P(A): 0.2
P(B): 0.7
P(C): 0.1

The probabilities are estimated based on the following considerations:
- **Effectiveness and Waiting Time**: Alternative B has a significantly hig[3D[K
higher effectiveness (95%) compared to A (70%), and only a slightly shorter[7D[K
shorter waiting time, which makes it more attractive.
- **Risk of Side Effects**: The lower risk of side effects in B (10%) compa[5D[K
compared to A (30%) is another strong factor favoring B.
- **Cash Incentive**: Although the cash incentive for A is 200 RMB and for [K
B is 800 RMB, the higher incentive in B likely has a significant impact on [K
choice.
- **Vaccine Origin**: Both vaccines are imported, so this does not signific[8D[K
significantly differentiate between A and B.
- **Opting Out (C)**: Given the high effectiveness and relatively low risk [K
of side effects with B, along with a substantial cash incentive, opting out[3D[K
out is estimated to be the least likely choice.

These probabilities reflect a balanced consideration of all factors, leadin[6D[K
leading to a higher likelihood of choosing Alternative B.",success,2026-09-10T02:00:30.796059
3,3,"P(A): 0.2
P(B): 0.7
P(C): 0.1

The probabilities are estimated based on the balance of waiting time, effec[5D[K
effectiveness, side effects, cash incentive, and vaccine origin. Alternativ[10D[K
Alternative B seems to offer the best overall benefits with high effectiven[10D[K
effectiveness, low risk of side effects, and a significant cash incentive, [K
despite a shorter waiting time for A and the option to opt out in C.",success,2026-09-10T02:00:40.325946
3,4,"P(A): 0.25
P(B): 0.65
P(C): 0.10

These probabilities are estimated based on the attributes provided for each[4D[K
each alternative, considering factors such as waiting time, vaccine effecti[7D[K
effectiveness, risk of side effects, cash incentive, and origin of the vacc[4D[K
vaccine. Alternative B seems to offer a compelling combination of high effe[4D[K
effectiveness, lower risk of side effects, shorter waiting time, and a sign[4D[K
significant cash incentive, which likely increases its attractiveness. Alte[4D[K
Alternative A has a longer wait time and higher risk of side effects but of[2D[K
offers a smaller cash incentive, making it less attractive. Opting out (Alt[4D[K
(Alternative C) is considered the least favorable due to the lack of any be[2D[K
benefits and potential health risks associated with not being vaccinated.",success,2026-09-10T02:00:56.448431
3,5,"P(A): 0.2
P(B): 0.7
P(C): 0.1

These probabilities are estimated based on the attributes provided for each[4D[K
each alternative. Alternative B is more likely to be chosen due to its high[4D[K
high effectiveness, lower risk of side effects, and higher cash incentive, [K
despite a shorter waiting time in Alternative A. Opting out (Alternative C)[2D[K
C) is least likely given the incentives and benefits of vaccination present[7D[K
presented by Alternatives A and B.",success,2026-09-10T02:01:06.708656
3,6,"P(A): 0.2
P(B): 0.7
P(C): 0.1

These probabilities are based on a qualitative assessment of the attributes[10D[K
attributes provided for each alternative, considering that Alternative B of[2D[K
offers the highest effectiveness and a significant cash incentive, while ha[2D[K
having a relatively short waiting time and low risk of side effects. Altern[6D[K
Alternative A is less attractive due to its lower effectiveness and higher [K
risk of side effects, despite the longer wait. Opting out (Alternative C) i[1D[K
is least likely given the incentives and benefits offered by the vaccinatio[10D[K
vaccination options.",success,2026-09-10T02:01:18.540267
3,7,"P(A): 0.25
P(B): 0.60
P(C): 0.15

These probabilities are based on the assumption that higher effectiveness, [K
lower risk of side effects, and a higher cash incentive increase the likeli[6D[K
likelihood of choosing an alternative, while a longer waiting time decrease[8D[K
decreases it. Opting out is considered least likely due to the benefits of [K
vaccination, but still accounts for some individuals who may prefer not to [K
get vaccinated despite the incentives.",success,2026-09-10T02:01:28.814505
3,8,"P(A): 0.2
P(B): 0.7
P(C): 0.1

The probabilities are estimated based on the balance of waiting time, vacci[5D[K
vaccine effectiveness, risk of side effects, cash incentive, and the option[6D[K
option to opt out. Alternative B is highly favorable due to its high effect[6D[K
effectiveness, shorter wait, lower risk of side effects, and a substantial [K
cash incentive, which likely makes it the most preferred choice. Alternativ[10D[K
Alternative A has a moderate probability due to its significant waiting tim[3D[K
time despite the imported vaccine origin and cash incentive. Opting out (Al[3D[K
(Alternative C) is least likely given the incentives and benefits provided [K
by the vaccination options.",success,2026-09-10T02:01:42.734507
3,9,"To estimate the probability that a person would choose each alternative, we[2D[K
we need to consider the key attributes of each option: waiting time, vaccin[6D[K
vaccine effectiveness, risk of side effects, cash incentive, and vaccine or[2D[K
origin. Here’s a structured approach:

1. **Vaccine Effectiveness**: Higher effectiveness is more attractive.
2. **Risk of Side Effects**: Lower risk is more attractive.
3. **Waiting Time**: Shorter waiting time is more attractive.
4. **Cash Incentive**: Higher incentive is more attractive.
5. **Vaccine Origin**: Imported vaccines might be perceived as more reliabl[7D[K
reliable or higher quality.

Let's break down the choices:

- **Alternative A**:
  - Waiting time: 3 months (long)
  - Vaccine effectiveness: 70% (moderate)
  - Risk of side effects: 30% (high)
  - Cash incentive: 200 RMB (low)
  - Vaccine origin: Imported

- **Alternative B**:
  - Waiting time: 1 month (short)
  - Vaccine effectiveness: 95% (very high)
  - Risk of side effects: 10% (low)
  - Cash incentive: 800 RMB (high)
  - Vaccine origin: Imported

- **Alternative C**:
  - Do not receive the vaccine / Opt out

Given these attributes, we can make some reasonable assumptions about how t[1D[K
they might influence a person's decision:

- **Alternative B** is likely to be the most attractive due to its high eff[3D[K
effectiveness, low risk of side effects, short waiting time, and significan[10D[K
significant cash incentive.
- **Alternative A** has several drawbacks (long waiting time, moderate effe[4D[K
effectiveness, high risk of side effects) but offers a smaller cash incenti[7D[K
incentive.
- **Alternative C** might be chosen by those who are very risk-averse or sk[2D[K
skeptical about vaccines.

Let's assign probabilities based on these considerations:

- **P(B)**: Given the strong positive attributes of Alternative B, it is li[2D[K
likely to be the most popular choice. We can estimate this probability to b[1D[K
be around 0.6.
- **P(A)**: Despite its drawbacks, some people might still choose Alternati[9D[K
Alternative A due to the imported vaccine and cash incentive. We can estima[6D[K
estimate this probability to be around 0.3.
- **P(C)**: The remaining probability will go to choosing not to receive th[2D[K
the vaccine. We can estimate this probability to be around 0.1.

Thus, the estimated probabilities are:

P(A): 0.3
P(B): 0.6
P(C): 0.1

Ensuring P(A) + P(B) + P(C) = 1.",success,2026-09-10T02:02:40.109652
3,10,"To estimate the probability that a person would choose each alternative, we[2D[K
we need to consider the various attributes and their potential impact on de[2D[K
decision-making. Here's a breakdown of how these factors might influence th[2D[K
the choices:

1. **Waiting Time**: Shorter waiting times are generally preferred.
2. **Vaccine Effectiveness**: Higher effectiveness is more desirable.
3. **Risk of Side Effects**: Lower risk of side effects is preferred.
4. **Cash Incentive**: Higher cash incentives can be a significant motivato[8D[K
motivator.
5. **Vaccine Origin**: The origin might influence trust, but since both A a[1D[K
and B are imported, this factor may not significantly differentiate between[7D[K
between the two.

Given these considerations:

- **Alternative A** has a long waiting time (3 months) and moderate effecti[7D[K
effectiveness (70%) with a relatively high risk of side effects (30%). Howe[4D[K
However, it offers a moderate cash incentive (200 RMB).
- **Alternative B** has a very short waiting time (1 month), high effective[9D[K
effectiveness (95%), low risk of side effects (10%), and the highest cash i[1D[K
incentive (800 RMB). This makes it the most attractive option.
- **Alternative C** (opting out) might be chosen by those who are particula[9D[K
particularly risk-averse or skeptical about vaccines.

Based on these attributes, I would estimate the probabilities as follows:

P(A): 0.15
P(B): 0.70
P(C): 0.15

These estimates reflect that Alternative B is significantly more attractive[10D[K
attractive due to its high effectiveness, low risk of side effects, short w[1D[K
waiting time, and substantial cash incentive. Alternatives A and C are less[4D[K
less likely to be chosen but still have a non-zero probability, especially [K
for individuals who might value the moderate cash incentive of A or prefer [K
to avoid vaccination altogether.",success,2026-09-10T02:03:19.195540
4,1,"P(A): 0.5
P(B): 0.3
P(C): 0.2

These probabilities reflect a general estimation based on the attributes pr[2D[K
provided. Alternative A is likely to be more attractive due to its immediat[8D[K
immediate availability, high effectiveness, and significant cash incentive,[10D[K
incentive, despite the higher risk of side effects and being imported. Alte[4D[K
Alternative B, while offering fewer incentives and delayed availability, mi[2D[K
might still appeal to those preferring domestic products or willing to wait[4D[K
wait for a less crowded vaccination schedule. Opting out (Alternative C) is[2D[K
is assumed to be the least likely choice, as it provides no benefits in ter[3D[K
terms of protection against the disease or financial reward.",success,2026-09-10T02:03:35.584618
4,2,"P(A): 0.5
P(B): 0.3
P(C): 0.2

These probabilities are estimated based on the attributes provided for each[4D[K
each alternative, considering factors like waiting time, vaccine effectiven[10D[K
effectiveness, risk of side effects, cash incentives, and origin of the vac[3D[K
vaccine. The immediate availability and high effectiveness of Alternative A[1D[K
A, combined with a significant cash incentive, make it the most likely choi[4D[K
choice. However, some individuals might prefer to wait for a domestic optio[5D[K
option (B) or opt out entirely (C), influenced by personal beliefs, risk av[2D[K
aversion, or other external factors not captured in the given data.",success,2026-09-10T02:03:48.977963
4,3,"P(A): 0.45
P(B): 0.35
P(C): 0.20

These probabilities are estimated based on the attributes provided for each[4D[K
each alternative, considering factors such as waiting time, vaccine effecti[7D[K
effectiveness, risk of side effects, cash incentive, and vaccine origin. Th[2D[K
The higher effectiveness and immediate availability of Alternative A, along[5D[K
along with a significant cash incentive, make it more likely to be chosen. [K
However, some individuals might prefer to wait for a domestically produced [K
vaccine (Alternative B) or opt out entirely (Alternative C), influenced by [K
personal preferences, risk tolerance, and trust in the source of the vaccin[6D[K
vaccine.",success,2026-09-10T02:04:02.697794
4,4,"P(A): 0.6
P(B): 0.3
P(C): 0.1

These probabilities reflect a scenario where the immediate availability, hi[2D[K
high effectiveness, and cash incentive of Alternative A are strong drivers [K
for choice, making it the most likely option. The lower effectiveness and l[1D[K
longer waiting time of Alternative B reduce its attractiveness but still of[2D[K
offer an incentive and are domestically sourced, which might appeal to some[4D[K
some individuals. Opting out (Alternative C) is considered least likely giv[3D[K
given the incentives and benefits of vaccination presented in the other alt[3D[K
alternatives.",success,2026-09-10T02:04:14.394105
4,5,"P(A): 0.6
P(B): 0.3
P(C): 0.1

These probabilities reflect a scenario where the immediate availability and[3D[K
and higher effectiveness of Alternative A, combined with a significant cash[4D[K
cash incentive, make it the most attractive option. The domestic origin and[3D[K
and shorter waiting time for Alternative B provide some appeal, but its low[3D[K
lower effectiveness and smaller incentive reduce its attractiveness. Opting[6D[K
Opting out (Alternative C) is considered least likely due to the benefits o[1D[K
offered by both vaccination alternatives.",success,2026-09-10T02:04:25.062568
4,6,"To estimate the probability of choosing each alternative, we need to consid[6D[K
consider the trade-offs between waiting time, vaccine effectiveness, risk o[1D[K
of side effects, cash incentive, and vaccine origin. Here’s a reasoned appr[4D[K
approach:

1. **Waiting Time**: Alternative A has no waiting time, which is a signific[8D[K
significant advantage over Alternative B.
2. **Vaccine Effectiveness**: Alternative A offers 95% effectiveness, which[5D[K
which is much higher than the 70% for Alternative B.
3. **Risk of Side Effects**: Both alternatives have the same risk of side e[1D[K
effects (30%), so this factor does not differentiate them.
4. **Cash Incentive**: Alternative A offers a significantly higher cash inc[3D[K
incentive (800 RMB) compared to Alternative B (200 RMB).
5. **Vaccine Origin**: Some individuals might prefer domestic vaccines, but[3D[K
but the other advantages of Alternative A (immediate availability, higher e[1D[K
effectiveness, and higher cash incentive) likely outweigh this preference f[1D[K
for many.

Given these factors, let's estimate the probabilities:

- **Alternative A** is very attractive due to its immediate availability, h[1D[K
high effectiveness, and significant cash incentive. This makes it the most [K
likely choice.
- **Alternative B** has a lower attractiveness due to the longer waiting ti[2D[K
time and lower effectiveness, but the domestic origin might appeal to some [K
individuals.
- **Opting out (Alternative C)** might be chosen by those who are very risk[4D[K
risk-averse or skeptical about vaccines in general.

Based on these considerations, here is an estimated probability distributio[11D[K
distribution:

P(A): 0.6
P(B): 0.3
P(C): 0.1

These probabilities sum to 1, reflecting the total probability of choosing [K
one of the three alternatives.",success,2026-09-10T02:05:01.843434
4,7,"P(A): 0.5
P(B): 0.3
P(C): 0.2

These probabilities are estimated based on the attributes provided for each[4D[K
each alternative, considering factors such as waiting time, vaccine effecti[7D[K
effectiveness, risk of side effects, cash incentive, and origin of the vacc[4D[K
vaccine. The immediate availability and high effectiveness of Alternative A[1D[K
A, combined with a significant cash incentive, make it the most likely choi[4D[K
choice. Alternative B is less attractive due to the longer wait and lower e[1D[K
effectiveness, but the domestic origin might appeal to some individuals, pr[2D[K
providing a moderate probability. Opting out (Alternative C) has the lowest[6D[K
lowest probability, as it involves forgoing both protection and financial b[1D[K
benefits.",success,2026-09-10T02:05:16.374783
4,8,"P(A): 0.5
P(B): 0.3
P(C): 0.2

These probabilities reflect a scenario where Alternative A is the most attr[4D[K
attractive due to its immediate availability, high effectiveness, and signi[5D[K
significant cash incentive, despite having a relatively high risk of side e[1D[K
effects. Alternative B, while less effective and offering a lower cash ince[4D[K
incentive, still has some appeal due to the domestic origin of the vaccine [K
and for those willing to wait. Opting out (Alternative C) is considered lea[3D[K
least likely but remains an option for individuals who are particularly war[3D[K
wary of side effects or skeptical about vaccination in general.",success,2026-09-10T02:05:29.469284
4,9,"To estimate the probability that a person would choose each alternative, we[2D[K
we need to consider the attributes provided for each option. Here’s a break[5D[K
breakdown of the factors:

1. **Waiting Time**: Immediate availability (0 months) is generally more at[2D[K
attractive than waiting (3 months).
2. **Vaccine Effectiveness**: Higher effectiveness (95%) is more desirable [K
than lower effectiveness (70%).
3. **Risk of Side Effects**: Both alternatives have the same risk of side e[1D[K
effects (30%), so this factor does not differentiate between them.
4. **Cash Incentive**: A higher cash incentive (800 RMB) is more attractive[10D[K
attractive than a lower one (200 RMB).
5. **Vaccine Origin**: Some individuals may prefer imported vaccines, while[5D[K
while others might trust domestic options more.

Given these factors, we can make the following assumptions:

- Alternative A offers immediate availability, high effectiveness, and a si[2D[K
significant cash incentive, which are strong positive attributes.
- Alternative B has a longer waiting time and lower effectiveness, but it d[1D[K
does offer some financial incentive and is domestically produced.
- Opting out (Alternative C) might be chosen by those who are skeptical abo[3D[K
about vaccines or value the absence of side effects more highly.

Based on these considerations, we can estimate the probabilities as follows[7D[K
follows:

P(A): 0.6
P(B): 0.3
P(C): 0.1

These probabilities sum to 1, reflecting a reasonable distribution given th[2D[K
the attributes provided.",success,2026-09-10T02:06:01.221312
4,10,"To estimate the probability of choosing each alternative, we need to consid[6D[K
consider the attributes that might influence a person's decision. These inc[3D[K
include waiting time, vaccine effectiveness, risk of side effects, cash inc[3D[K
incentive, and vaccine origin. Here’s a plausible distribution based on the[3D[K
these factors:

- **Alternative A** offers immediate vaccination with high effectiveness an[2D[K
and a significant cash incentive, despite having a relatively high risk of [K
side effects and being imported.
- **Alternative B** requires a longer waiting time, has lower effectiveness[13D[K
effectiveness, but the same risk of side effects as Alternative A, a smalle[6D[K
smaller cash incentive, and is domestically produced.
- **Alternative C** (opting out) involves no risks or benefits from vaccina[7D[K
vaccination.

Given these factors, we can hypothesize the following probabilities:

P(A): 0.6
P(B): 0.25
P(C): 0.15

These probabilities sum to 1 and reflect a higher preference for immediate [K
high effectiveness and financial incentive (Alternative A), moderate consid[6D[K
consideration for domestic production despite longer wait and lower effecti[7D[K
effectiveness (Alternative B), and a smaller but significant portion of the[3D[K
the population opting out due to various personal reasons or concerns about[5D[K
about side effects and vaccine origin.",success,2026-09-10T02:06:26.258593
5,1,"P(A): 0.3
P(B): 0.5
P(C): 0.2

These probabilities reflect a scenario where the higher effectiveness of Al[2D[K
Alternative B makes it more attractive, despite the longer wait and lower i[1D[K
immediate cash incentive. The shorter waiting time and smaller cash incenti[7D[K
incentive make Alternative A less appealing but still preferred over opting[6D[K
opting out entirely, which is seen as the least favorable option due to the[3D[K
the lack of protection against the disease.",success,2026-09-10T02:06:38.325504
5,2,"P(A): 0.35
P(B): 0.45
P(C): 0.20

These probabilities reflect a balanced consideration of the waiting time, v[1D[K
vaccine effectiveness, risk of side effects, cash incentive, and personal c[1D[K
choice to opt out. Alternative B is more likely to be chosen due to its hig[3D[K
high effectiveness and significant cash incentive, despite the longer wait.[5D[K
wait. Alternative A remains a reasonable option for those who prefer quicke[6D[K
quicker vaccination with a moderate effectiveness and a smaller incentive. [K
Opting out (Alternative C) is the least likely but still represents a porti[5D[K
portion of individuals who may choose not to vaccinate.",success,2026-09-10T02:06:51.728696
5,3,"To estimate the probabilities that a person would choose each alternative, [K
we need to consider the trade-offs between waiting time, vaccine effectiven[10D[K
effectiveness, risk of side effects, cash incentives, and personal preferen[8D[K
preferences regarding vaccination. Here's a reasoned approach:

- **Alternative A** offers a shorter waiting time and immediate protection,[11D[K
protection, but with lower effectiveness and a smaller cash incentive.
- **Alternative B** provides higher effectiveness and a larger cash incenti[7D[K
incentive but requires a much longer wait.
- **Alternative C** (opting out) avoids the risk of side effects and the in[2D[K
inconvenience of waiting, but leaves the person unprotected.

Given these factors, we can make some assumptions about how people might pr[2D[K
prioritize these attributes:

1. **Waiting Time**: A shorter waiting time is generally preferred as it pr[2D[K
provides earlier protection.
2. **Effectiveness**: Higher effectiveness is highly valued, especially for[3D[K
for those who are risk-averse or have health concerns.
3. **Risk of Side Effects**: Since the risk of side effects is the same for[3D[K
for both vaccines (10%), this factor may not significantly influence the de[2D[K
decision.
4. **Cash Incentive**: A larger cash incentive can be a significant motivat[7D[K
motivator, especially for those who value immediate financial benefits.

Considering these factors, we can estimate the probabilities as follows:

- **P(A)**: People who prioritize early protection and are willing to accep[5D[K
accept lower effectiveness might choose this option. This group is likely t[1D[K
to be smaller due to the lower effectiveness but larger than those who opt [K
out.
- **P(B)**: People who value high effectiveness and are willing to wait for[3D[K
for a better vaccine might choose this option. This group is likely to be s[1D[K
significant, especially given the higher cash incentive.
- **P(C)**: People who are generally skeptical of vaccines or prefer not to[2D[K
to take any risks might opt out.

Given these considerations, a reasonable distribution might be:

P(A): 0.3
P(B): 0.6
P(C): 0.1

This ensures that the probabilities sum up to 1.",success,2026-09-10T02:07:34.298411
5,4,"P(A): 0.3
P(B): 0.5
P(C): 0.2

These probabilities reflect a general estimation considering the trade-offs[10D[K
trade-offs between waiting time, effectiveness, side effects, cash incentiv[8D[K
incentives, and personal preferences for vaccination. The shorter wait time[4D[K
time and immediate incentive of Alternative A might appeal to some, while o[1D[K
others might prefer the higher effectiveness of Alternative B despite the l[1D[K
longer wait. Opting out (Alternative C) is considered the least likely choi[4D[K
choice given the benefits of vaccination, but still accounts for those who [K
may be hesitant or have other reasons not to vaccinate.",success,2026-09-10T02:07:46.930601
5,5,"P(A): 0.3
P(B): 0.5
P(C): 0.2

These probabilities are estimated based on the trade-offs between waiting t[1D[K
time, vaccine effectiveness, risk of side effects, cash incentive, and the [K
option to opt out. Alternative B is more likely to be chosen due to its hig[3D[K
high effectiveness and domestic origin, despite the longer wait time and lo[2D[K
lower immediate financial incentive compared to Alternative A. Opting out ([1D[K
(Alternative C) is considered least likely given the potential benefits of [K
vaccination.",success,2026-09-10T02:07:58.131582
5,6,"P(A): 0.3
P(B): 0.5
P(C): 0.2

These probabilities are estimated based on the trade-offs between waiting t[1D[K
time, vaccine effectiveness, side effects, and cash incentives. Alternative[11D[K
Alternative B is more likely to be chosen due to its high effectiveness, de[2D[K
despite the longer wait time and lower cash incentive compared to A. Opting[6D[K
Opting out (C) is the least probable choice given the availability of effec[5D[K
effective vaccines with moderate risks of side effects.",success,2026-09-10T02:08:08.593537
5,7,"P(A): 0.3
P(B): 0.6
P(C): 0.1

This distribution reflects a higher likelihood of choosing Alternative B du[2D[K
due to its significantly higher effectiveness and cash incentive, despite t[1D[K
the longer waiting time. Alternative A is chosen less often because of its [K
lower effectiveness but shorter wait time and some financial incentive. Opt[3D[K
Opting out (Alternative C) is the least likely choice, as both vaccinated a[1D[K
alternatives offer financial incentives and protection against the disease,[8D[K
disease, albeit with different levels of effectiveness and wait times.",success,2026-09-10T02:08:19.901145
5,8,"P(A): 0.3
P(B): 0.5
P(C): 0.2

The probabilities are estimated based on the balance of waiting time, effec[5D[K
effectiveness, risk of side effects, and cash incentives. Alternative B is [K
favored due to its high effectiveness and significant cash incentive, despi[5D[K
despite the longer wait. Alternative A offers a quicker option with a small[5D[K
smaller incentive, which might appeal to those who prefer not to wait. Opti[4D[K
Opting out (Alternative C) is considered least likely but still represents [K
a portion of individuals who may be hesitant about vaccination or are satis[5D[K
satisfied with their current health status.",success,2026-09-10T02:08:32.784993
5,9,"P(A): 0.35
P(B): 0.45
P(C): 0.20

These probabilities are estimated based on the trade-offs between waiting t[1D[K
time, vaccine effectiveness, risk of side effects, cash incentive, and pers[4D[K
personal preferences for receiving a vaccine. The shorter wait time and imm[3D[K
immediate benefit (cash incentive) of Alternative A make it attractive to s[1D[K
some, while the higher effectiveness and larger cash incentive of Alternati[9D[K
Alternative B might appeal to others who are willing to wait. Opting out (A[2D[K
(Alternative C) is considered for those who may be hesitant about vaccinati[9D[K
vaccination in general or prefer natural immunity.",success,2026-09-10T02:08:45.972854
5,10,"P(A): 0.3
P(B): 0.5
P(C): 0.2

These probabilities are estimated based on the trade-offs between waiting t[1D[K
time, effectiveness, side effects, cash incentives, and personal preference[10D[K
preferences for vaccination. Alternative B is more likely to be chosen due [K
to its high effectiveness and acceptable risk of side effects, despite the [K
longer wait and higher incentive needed to encourage uptake. Alternative A [K
offers a quicker option with a lower effectiveness but still has an appeal [K
due to the shorter waiting time and some financial incentive. Opting out (A[2D[K
(Alternative C) is considered the least likely choice given the availabilit[11D[K
availability of incentives and the benefits of vaccination.",success,2026-09-10T02:09:00.119512
6,1,"P(A): 0.45
P(B): 0.35
P(C): 0.20

These probabilities are estimated based on the trade-offs between waiting t[1D[K
time, vaccine effectiveness, risk of side effects, cash incentive, and pers[4D[K
personal preference for vaccination. The higher effectiveness and cash ince[4D[K
incentive of Alternative A make it more attractive despite the longer wait.[5D[K
wait. Alternative B offers a quicker option with similar side effect risks [K
but less effectiveness and a lower incentive. Opting out (Alternative C) is[2D[K
is considered least likely due to the potential health benefits of vaccinat[8D[K
vaccination.",success,2026-09-10T02:09:14.711686
6,2,"P(A): 0.4
P(B): 0.35
P(C): 0.25

This estimation is based on the provided attributes, where Alternative A of[2D[K
offers a highly effective vaccine with a significant cash incentive but req[3D[K
requires a longer waiting time. Alternative B provides quicker access to va[2D[K
vaccination but with lower effectiveness and a much smaller cash incentive.[10D[K
incentive. Opting out (Alternative C) might be chosen by individuals who ar[2D[K
are risk-averse or skeptical about vaccination in general. The probabilitie[12D[K
probabilities reflect a balance between the desire for effective protection[10D[K
protection, immediate availability, financial incentives, and personal heal[4D[K
health concerns.",success,2026-09-10T02:09:27.458910
6,3,"P(A): 0.45
P(B): 0.35
P(C): 0.20

These probabilities are estimated based on the balance between waiting time[4D[K
time, vaccine effectiveness, risk of side effects, cash incentive, and the [K
option to opt out. The higher effectiveness and cash incentive of Alternati[9D[K
Alternative A make it more attractive despite the longer wait, while the sh[2D[K
shorter wait and still reasonable effectiveness of Alternative B might appe[4D[K
appeal to those who prefer quicker protection. Opting out is estimated to b[1D[K
be the least likely choice given the availability of incentives and protect[7D[K
protective measures.",success,2026-09-10T02:09:39.704666
6,4,"P(A): 0.45
P(B): 0.35
P(C): 0.20

These probabilities are estimated based on a balance of factors such as the[3D[K
the waiting time, vaccine effectiveness, risk of side effects, cash incenti[7D[K
incentive, and the option to opt out. Alternative A is more likely to be ch[2D[K
chosen due to its high effectiveness and significant cash incentive, despit[6D[K
despite the longer waiting time. Alternative B is less attractive due to it[2D[K
its lower effectiveness but might still be chosen by those who prefer a sho[3D[K
shorter waiting time. Opting out (Alternative C) is the least likely choice[6D[K
choice given the incentives and potential benefits of vaccination.",success,2026-09-10T02:09:53.520706
6,5,"P(A): 0.45
P(B): 0.35
P(C): 0.20

This estimation assumes that the individual values higher vaccine effective[9D[K
effectiveness and cash incentives but also considers waiting time as a sign[4D[K
significant factor. The probability distribution reflects a preference for [K
Alternative A due to its high effectiveness and substantial incentive, desp[4D[K
despite the longer wait. Alternative B is less favored because of its lower[5D[K
lower effectiveness, although the shorter waiting time provides some appeal[6D[K
appeal. Opting out (Alternative C) is considered the least favorable due to[2D[K
to the lack of protection against the disease, but it still has a probabili[9D[K
probability as some individuals might prefer to avoid vaccination altogethe[9D[K
altogether.",success,2026-09-10T02:10:07.467589
6,6,"P(A): 0.45
P(B): 0.35
P(C): 0.20

These probabilities are based on a subjective assessment of the attributes [K
provided for each alternative, considering factors like waiting time, vacci[5D[K
vaccine effectiveness, risk of side effects, cash incentive, and origin of [K
the vaccine. The higher effectiveness and cash incentive of Alternative A m[1D[K
make it more attractive to some individuals, despite the longer waiting tim[3D[K
time. Alternative B is less effective but has a shorter waiting time and si[2D[K
similar side effect risks, making it a moderate choice. Opting out (Alterna[8D[K
(Alternative C) represents the decision for those who are hesitant about va[2D[K
vaccination or prioritize avoiding potential side effects over the benefits[8D[K
benefits of immunity.",success,2026-09-10T02:10:22.435935
6,7,"P(A): 0.45
P(B): 0.35
P(C): 0.20

These probabilities are estimated based on the trade-offs between waiting t[1D[K
time, vaccine effectiveness, risk of side effects, cash incentive, and the [K
option to opt out. Alternative A is favored due to its high effectiveness d[1D[K
despite a longer wait and higher incentive, B offers a quicker solution wit[3D[K
with lower effectiveness and minimal incentive, while C represents the choi[4D[K
choice for those who prefer not to vaccinate at all.",success,2026-09-10T02:10:33.440269
6,8,"P(A): 0.4
P(B): 0.35
P(C): 0.25

These probabilities reflect a scenario where the high effectiveness of Alte[4D[K
Alternative A and the significant cash incentive make it more attractive, d[1D[K
despite the longer waiting time. Alternative B is less effective but has a [K
shorter wait time and similar side effect risks, making it a moderate choic[5D[K
choice for those who prioritize quicker access over long-term effectiveness[13D[K
effectiveness. Opting out (Alternative C) is considered least likely, as bo[2D[K
both vaccinated options offer some form of incentive and protection.",success,2026-09-10T02:10:45.271979
6,9,"P(A): 0.45
P(B): 0.35
P(C): 0.20

These probabilities are estimated based on the attributes of each alternati[9D[K
alternative, considering factors such as waiting time, vaccine effectivenes[12D[K
effectiveness, risk of side effects, cash incentive, and vaccine origin. Al[2D[K
Alternative A is more attractive due to its high effectiveness and signific[8D[K
significant cash incentive, despite the longer waiting time. Alternative B [K
offers a quicker option but with lower effectiveness, which might still app[3D[K
appeal to some individuals. Opting out (Alternative C) is estimated to be t[1D[K
the least likely choice, as it provides no direct benefits or protection.",success,2026-09-10T02:10:58.666025
6,10,"P(A): 0.45
P(B): 0.35
P(C): 0.20

This distribution assumes that the higher effectiveness of Alternative A an[2D[K
and its significant cash incentive are strong motivators, despite the longe[5D[K
longer waiting time. Alternative B is chosen less often due to its lower ef[2D[K
effectiveness, but it still attracts some who prefer a shorter wait. Opting[6D[K
Opting out (Alternative C) is considered by those who may be skeptical abou[4D[K
about vaccines or prefer natural immunity, reflecting a minority position g[1D[K
given the benefits of vaccination.",success,2026-09-10T02:11:10.176820
